-- phpMyAdmin SQL Dump
-- version 4.4.14
-- http://www.phpmyadmin.net
--
-- Host: 127.0.0.1
-- Generation Time: 20 Sep 2021 pada 22.40
-- Versi Server: 5.6.26
-- PHP Version: 5.6.12

SET SQL_MODE = "NO_AUTO_VALUE_ON_ZERO";
SET time_zone = "+00:00";


/*!40101 SET @OLD_CHARACTER_SET_CLIENT=@@CHARACTER_SET_CLIENT */;
/*!40101 SET @OLD_CHARACTER_SET_RESULTS=@@CHARACTER_SET_RESULTS */;
/*!40101 SET @OLD_COLLATION_CONNECTION=@@COLLATION_CONNECTION */;
/*!40101 SET NAMES utf8mb4 */;

--
-- Database: `spk`
--

-- --------------------------------------------------------

--
-- Struktur dari tabel `banding`
--

CREATE TABLE IF NOT EXISTS `banding` (
  `id_calon_karyawan` char(7) NOT NULL DEFAULT '',
  `id_jabatan` varchar(6) NOT NULL DEFAULT '',
  `id_subkriteria` varchar(7) NOT NULL DEFAULT '',
  `gap` double(4,3) DEFAULT NULL,
  `bobot_gap` double(4,3) DEFAULT NULL,
  `hasil_nilai` double(4,3) DEFAULT NULL,
  `periode` varchar(4) NOT NULL DEFAULT ''
) ENGINE=InnoDB DEFAULT CHARSET=latin1;

--
-- Dumping data untuk tabel `banding`
--

INSERT INTO `banding` (`id_calon_karyawan`, `id_jabatan`, `id_subkriteria`, `gap`, `bobot_gap`, `hasil_nilai`, `periode`) VALUES
('CKRY001', 'JBTN01', 'SKRT01', 1.000, 3.500, 2.100, '2020'),
('CKRY001', 'JBTN01', 'SKRT02', 0.000, 3.000, 1.200, '2020'),
('CKRY001', 'JBTN01', 'SKRT03', -4.000, 2.000, 1.200, '2020'),
('CKRY001', 'JBTN01', 'SKRT04', -3.000, 3.000, 1.800, '2020'),
('CKRY001', 'JBTN01', 'SKRT05', -1.000, 5.000, 2.000, '2020'),
('CKRY001', 'JBTN01', 'SKRT06', 2.000, 4.500, 1.800, '2020'),
('CKRY001', 'JBTN01', 'SKRT07', -2.000, 5.000, 3.000, '2020'),
('CKRY001', 'JBTN01', 'SKRT08', -3.000, 3.000, 1.200, '2020'),
('CKRY002', 'JBTN01', 'SKRT01', 1.000, 5.000, 3.000, '2020'),
('CKRY002', 'JBTN01', 'SKRT02', 0.000, 5.000, 2.000, '2020'),
('CKRY002', 'JBTN01', 'SKRT03', -4.000, 3.000, 1.800, '2020'),
('CKRY002', 'JBTN01', 'SKRT04', -3.000, 4.000, 2.400, '2020'),
('CKRY002', 'JBTN01', 'SKRT05', -1.000, 4.500, 1.800, '2020'),
('CKRY002', 'JBTN01', 'SKRT06', 2.000, 2.500, 1.000, '2020'),
('CKRY002', 'JBTN01', 'SKRT07', -2.000, 4.500, 2.700, '2020'),
('CKRY002', 'JBTN01', 'SKRT08', -3.000, 4.000, 1.600, '2020'),
('CKRY001', 'JBTN02', 'SKRT01', 0.000, 3.000, 1.800, '2020'),
('CKRY001', 'JBTN02', 'SKRT02', 1.000, 4.000, 2.400, '2020'),
('CKRY001', 'JBTN02', 'SKRT03', -3.000, 3.000, 1.200, '2020'),
('CKRY001', 'JBTN02', 'SKRT04', -2.000, 4.000, 1.600, '2020'),
('CKRY001', 'JBTN02', 'SKRT05', -2.000, 3.000, 1.200, '2020'),
('CKRY001', 'JBTN02', 'SKRT06', -2.000, 5.000, 3.000, '2020'),
('CKRY001', 'JBTN02', 'SKRT07', -2.000, 5.000, 3.000, '2020'),
('CKRY001', 'JBTN02', 'SKRT08', -2.000, 3.500, 2.100, '2020'),
('CKRY002', 'JBTN02', 'SKRT01', 0.000, 5.000, 3.000, '2020'),
('CKRY002', 'JBTN02', 'SKRT02', 1.000, 4.500, 2.700, '2020'),
('CKRY002', 'JBTN02', 'SKRT03', -3.000, 4.000, 1.600, '2020'),
('CKRY002', 'JBTN02', 'SKRT04', -2.000, 5.000, 2.000, '2020'),
('CKRY002', 'JBTN02', 'SKRT05', -2.000, 3.000, 1.200, '2020'),
('CKRY002', 'JBTN02', 'SKRT06', -2.000, 4.500, 2.700, '2020'),
('CKRY002', 'JBTN02', 'SKRT07', -2.000, 4.000, 2.400, '2020'),
('CKRY002', 'JBTN02', 'SKRT08', -2.000, 3.000, 1.800, '2020'),
('CKRY001', 'JBTN05', 'SKRT01', 0.000, 5.000, 3.000, '2021'),
('CKRY001', 'JBTN05', 'SKRT02', -1.000, 4.000, 2.400, '2021'),
('CKRY001', 'JBTN05', 'SKRT03', 0.000, 5.000, 2.000, '2021'),
('CKRY001', 'JBTN05', 'SKRT04', -3.000, 2.000, 1.200, '2021'),
('CKRY001', 'JBTN05', 'SKRT05', -3.000, 2.000, 0.800, '2021'),
('CKRY001', 'JBTN05', 'SKRT06', -2.000, 3.000, 1.800, '2021'),
('CKRY001', 'JBTN05', 'SKRT07', 0.000, 5.000, 2.000, '2021'),
('CKRY001', 'JBTN05', 'SKRT08', -1.000, 4.000, 2.400, '2021'),
('CKRY002', 'JBTN05', 'SKRT01', -1.000, 4.000, 2.400, '2021'),
('CKRY002', 'JBTN05', 'SKRT02', 0.000, 5.000, 3.000, '2021'),
('CKRY002', 'JBTN05', 'SKRT03', -2.000, 3.000, 1.200, '2021'),
('CKRY002', 'JBTN05', 'SKRT04', -3.000, 2.000, 1.200, '2021'),
('CKRY002', 'JBTN05', 'SKRT05', -3.000, 2.000, 0.800, '2021'),
('CKRY002', 'JBTN05', 'SKRT06', -1.000, 4.000, 2.400, '2021'),
('CKRY002', 'JBTN05', 'SKRT07', 0.000, 5.000, 2.000, '2021'),
('CKRY002', 'JBTN05', 'SKRT08', -1.000, 4.000, 2.400, '2021'),
('CKRY001', 'JBTN06', 'SKRT01', 1.000, 4.500, 2.700, '2021'),
('CKRY001', 'JBTN06', 'SKRT02', 1.000, 4.500, 1.800, '2021'),
('CKRY001', 'JBTN06', 'SKRT03', -4.000, 1.000, 0.400, '2021'),
('CKRY001', 'JBTN06', 'SKRT04', 0.000, 5.000, 3.000, '2021'),
('CKRY001', 'JBTN06', 'SKRT05', -1.000, 4.000, 2.400, '2021'),
('CKRY001', 'JBTN06', 'SKRT06', 1.000, 4.500, 1.800, '2021'),
('CKRY001', 'JBTN06', 'SKRT07', -1.000, 4.000, 2.400, '2021'),
('CKRY001', 'JBTN06', 'SKRT08', -3.000, 2.000, 0.800, '2021'),
('CKRY002', 'JBTN06', 'SKRT01', 0.000, 5.000, 3.000, '2021'),
('CKRY002', 'JBTN06', 'SKRT02', -1.000, 4.000, 1.600, '2021'),
('CKRY002', 'JBTN06', 'SKRT03', -2.000, 3.000, 1.200, '2021'),
('CKRY002', 'JBTN06', 'SKRT04', 0.000, 5.000, 3.000, '2021'),
('CKRY002', 'JBTN06', 'SKRT05', -1.000, 4.000, 2.400, '2021'),
('CKRY002', 'JBTN06', 'SKRT06', 0.000, 5.000, 2.000, '2021'),
('CKRY002', 'JBTN06', 'SKRT07', -1.000, 4.000, 2.400, '2021'),
('CKRY002', 'JBTN06', 'SKRT08', -3.000, 2.000, 0.800, '2021'),
('CKRY001', 'JBTN04', 'SKRT01', 0.000, 0.000, 0.000, '2021'),
('CKRY001', 'JBTN04', 'SKRT02', 0.000, 0.000, 0.000, '2021'),
('CKRY001', 'JBTN04', 'SKRT03', 0.000, 0.000, 0.000, '2021'),
('CKRY001', 'JBTN04', 'SKRT04', 0.000, 0.000, 0.000, '2021'),
('CKRY001', 'JBTN04', 'SKRT05', 0.000, 0.000, 0.000, '2021'),
('CKRY001', 'JBTN04', 'SKRT06', 0.000, 0.000, 0.000, '2021'),
('CKRY001', 'JBTN04', 'SKRT07', 0.000, 0.000, 0.000, '2021'),
('CKRY001', 'JBTN04', 'SKRT08', 0.000, 0.000, 0.000, '2021'),
('CKRY002', 'JBTN04', 'SKRT01', 0.000, 0.000, 0.000, '2021'),
('CKRY002', 'JBTN04', 'SKRT02', 0.000, 0.000, 0.000, '2021'),
('CKRY002', 'JBTN04', 'SKRT03', 0.000, 0.000, 0.000, '2021'),
('CKRY002', 'JBTN04', 'SKRT04', 0.000, 0.000, 0.000, '2021'),
('CKRY002', 'JBTN04', 'SKRT05', 0.000, 0.000, 0.000, '2021'),
('CKRY002', 'JBTN04', 'SKRT06', 0.000, 0.000, 0.000, '2021'),
('CKRY002', 'JBTN04', 'SKRT07', 0.000, 0.000, 0.000, '2021'),
('CKRY002', 'JBTN04', 'SKRT08', 0.000, 0.000, 0.000, '2021'),
('CKRY001', 'JBTN07', 'SKRT01', -1.000, 4.000, 1.600, '2021'),
('CKRY001', 'JBTN07', 'SKRT02', -1.000, 4.000, 1.600, '2021'),
('CKRY001', 'JBTN07', 'SKRT03', -3.000, 2.000, 1.200, '2021'),
('CKRY001', 'JBTN07', 'SKRT04', 0.000, 5.000, 2.000, '2021'),
('CKRY001', 'JBTN07', 'SKRT05', -2.000, 3.000, 1.800, '2021'),
('CKRY001', 'JBTN07', 'SKRT06', 0.000, 5.000, 0.000, '2021'),
('CKRY001', 'JBTN07', 'SKRT07', 0.000, 5.000, 0.000, '2021'),
('CKRY001', 'JBTN07', 'SKRT08', 0.000, 5.000, 0.000, '2021'),
('CKRY002', 'JBTN07', 'SKRT01', -1.000, 4.000, 1.600, '2021'),
('CKRY002', 'JBTN07', 'SKRT02', -1.000, 4.000, 1.600, '2021'),
('CKRY002', 'JBTN07', 'SKRT03', -3.000, 2.000, 1.200, '2021'),
('CKRY002', 'JBTN07', 'SKRT04', 0.000, 5.000, 2.000, '2021'),
('CKRY002', 'JBTN07', 'SKRT05', -2.000, 3.000, 1.800, '2021'),
('CKRY002', 'JBTN07', 'SKRT06', 0.000, 5.000, 0.000, '2021'),
('CKRY002', 'JBTN07', 'SKRT07', 0.000, 5.000, 0.000, '2021'),
('CKRY002', 'JBTN07', 'SKRT08', 0.000, 5.000, 0.000, '2021'),
('CKRY001', 'JBTN08', 'SKRT01', 0.000, 5.000, 2.000, '2021'),
('CKRY001', 'JBTN08', 'SKRT02', 0.000, 5.000, 0.000, '2021'),
('CKRY001', 'JBTN08', 'SKRT03', 0.000, 5.000, 0.000, '2021'),
('CKRY001', 'JBTN08', 'SKRT04', 0.000, 5.000, 0.000, '2021'),
('CKRY001', 'JBTN08', 'SKRT05', -1.000, 4.000, 2.400, '2021'),
('CKRY001', 'JBTN08', 'SKRT06', 0.000, 5.000, 0.000, '2021'),
('CKRY001', 'JBTN08', 'SKRT07', 0.000, 5.000, 0.000, '2021'),
('CKRY001', 'JBTN08', 'SKRT08', 0.000, 5.000, 0.000, '2021'),
('CKRY002', 'JBTN08', 'SKRT01', -1.000, 4.000, 1.600, '2021'),
('CKRY002', 'JBTN08', 'SKRT02', 0.000, 5.000, 0.000, '2021'),
('CKRY002', 'JBTN08', 'SKRT03', 0.000, 5.000, 0.000, '2021'),
('CKRY002', 'JBTN08', 'SKRT04', 0.000, 5.000, 0.000, '2021'),
('CKRY002', 'JBTN08', 'SKRT05', -1.000, 4.000, 2.400, '2021'),
('CKRY002', 'JBTN08', 'SKRT06', 0.000, 5.000, 0.000, '2021'),
('CKRY002', 'JBTN08', 'SKRT07', 0.000, 5.000, 0.000, '2021'),
('CKRY002', 'JBTN08', 'SKRT08', 0.000, 5.000, 0.000, '2021'),
('CKRY001', 'JBTN09', 'SKRT01', 1.000, 4.500, 2.700, '2021'),
('CKRY001', 'JBTN09', 'SKRT02', -1.000, 4.000, 1.600, '2021'),
('CKRY001', 'JBTN09', 'SKRT03', -1.000, 4.000, 1.600, '2021'),
('CKRY001', 'JBTN09', 'SKRT04', -2.000, 3.000, 1.800, '2021'),
('CKRY001', 'JBTN09', 'SKRT05', -3.000, 2.000, 1.200, '2021'),
('CKRY001', 'JBTN09', 'SKRT06', 1.000, 4.500, 1.800, '2021'),
('CKRY001', 'JBTN09', 'SKRT07', -1.000, 4.000, 1.600, '2021'),
('CKRY001', 'JBTN09', 'SKRT08', -3.000, 2.000, 1.200, '2021'),
('CKRY002', 'JBTN09', 'SKRT01', -1.000, 4.000, 2.400, '2021'),
('CKRY002', 'JBTN09', 'SKRT02', 1.000, 4.500, 1.800, '2021'),
('CKRY002', 'JBTN09', 'SKRT03', 1.000, 4.500, 1.800, '2021'),
('CKRY002', 'JBTN09', 'SKRT04', -2.000, 3.000, 1.800, '2021'),
('CKRY002', 'JBTN09', 'SKRT05', -3.000, 2.000, 1.200, '2021'),
('CKRY002', 'JBTN09', 'SKRT06', -2.000, 3.000, 1.200, '2021'),
('CKRY002', 'JBTN09', 'SKRT07', -1.000, 4.000, 1.600, '2021'),
('CKRY002', 'JBTN09', 'SKRT08', -3.000, 2.000, 1.200, '2021'),
('CKRY001', 'JBTN07', 'SKRT01', -1.000, 4.000, 1.600, '2021'),
('CKRY001', 'JBTN07', 'SKRT02', -1.000, 4.000, 1.600, '2021'),
('CKRY001', 'JBTN07', 'SKRT03', -3.000, 2.000, 1.200, '2021'),
('CKRY001', 'JBTN07', 'SKRT04', 0.000, 5.000, 2.000, '2021'),
('CKRY001', 'JBTN07', 'SKRT05', -2.000, 3.000, 1.800, '2021'),
('CKRY001', 'JBTN07', '', 0.000, 0.000, 0.000, '2021'),
('CKRY001', 'JBTN07', '', 0.000, 0.000, 0.000, '2021'),
('CKRY001', 'JBTN07', '', 0.000, 0.000, 0.000, '2021'),
('CKRY002', 'JBTN07', 'SKRT01', -1.000, 4.000, 1.600, '2021'),
('CKRY002', 'JBTN07', 'SKRT02', -1.000, 4.000, 1.600, '2021'),
('CKRY002', 'JBTN07', 'SKRT03', -3.000, 2.000, 1.200, '2021'),
('CKRY002', 'JBTN07', 'SKRT04', 0.000, 5.000, 2.000, '2021'),
('CKRY002', 'JBTN07', 'SKRT05', -2.000, 3.000, 1.800, '2021'),
('CKRY002', 'JBTN07', '', 0.000, 0.000, 0.000, '2021'),
('CKRY002', 'JBTN07', '', 0.000, 0.000, 0.000, '2021'),
('CKRY002', 'JBTN07', '', 0.000, 0.000, 0.000, '2021'),
('CKRY001', 'JBTN01', 'SKRT01', 2.000, 3.500, 1.400, '2021'),
('CKRY001', 'JBTN01', 'SKRT02', -2.000, 3.000, 1.800, '2021'),
('CKRY001', 'JBTN01', 'SKRT03', -3.000, 2.000, 1.200, '2021'),
('CKRY001', 'JBTN01', 'SKRT04', -2.000, 3.000, 1.200, '2021'),
('CKRY001', 'JBTN01', 'SKRT05', 0.000, 5.000, 3.000, '2021'),
('CKRY001', 'JBTN01', 'SKRT06', 1.000, 4.500, 2.700, '2021'),
('CKRY001', 'JBTN01', 'SKRT07', 0.000, 5.000, 3.000, '2021'),
('CKRY001', 'JBTN01', 'SKRT08', -2.000, 3.000, 1.200, '2021'),
('CKRY002', 'JBTN01', 'SKRT01', 0.000, 5.000, 2.000, '2021'),
('CKRY002', 'JBTN01', 'SKRT02', 0.000, 5.000, 3.000, '2021'),
('CKRY002', 'JBTN01', 'SKRT03', -2.000, 3.000, 1.800, '2021'),
('CKRY002', 'JBTN01', 'SKRT04', -1.000, 4.000, 1.600, '2021'),
('CKRY002', 'JBTN01', 'SKRT05', 1.000, 4.500, 2.700, '2021'),
('CKRY002', 'JBTN01', 'SKRT06', 3.000, 2.500, 1.500, '2021'),
('CKRY002', 'JBTN01', 'SKRT07', 1.000, 4.500, 2.700, '2021'),
('CKRY002', 'JBTN01', 'SKRT08', -1.000, 4.000, 1.600, '2021'),
('CKRY001', 'JBTN02', 'SKRT01', -2.000, 3.000, 1.200, '2021'),
('CKRY001', 'JBTN02', 'SKRT02', -1.000, 4.000, 2.400, '2021'),
('CKRY001', 'JBTN02', 'SKRT03', -2.000, 3.000, 1.800, '2021'),
('CKRY001', 'JBTN02', 'SKRT04', -1.000, 4.000, 1.600, '2021'),
('CKRY001', 'JBTN02', 'SKRT05', -2.000, 3.000, 1.800, '2021'),
('CKRY001', 'JBTN02', 'SKRT06', 0.000, 5.000, 3.000, '2021'),
('CKRY001', 'JBTN02', 'SKRT07', 0.000, 5.000, 3.000, '2021'),
('CKRY001', 'JBTN02', 'SKRT08', 2.000, 3.500, 1.400, '2021'),
('CKRY002', 'JBTN02', 'SKRT01', 0.000, 5.000, 2.000, '2021'),
('CKRY002', 'JBTN02', 'SKRT02', 1.000, 4.500, 2.700, '2021'),
('CKRY002', 'JBTN02', 'SKRT03', -1.000, 4.000, 2.400, '2021'),
('CKRY002', 'JBTN02', 'SKRT04', 0.000, 5.000, 2.000, '2021'),
('CKRY002', 'JBTN02', 'SKRT05', -2.000, 3.000, 1.800, '2021'),
('CKRY002', 'JBTN02', 'SKRT06', 1.000, 4.500, 2.700, '2021'),
('CKRY002', 'JBTN02', 'SKRT07', -1.000, 4.000, 2.400, '2021'),
('CKRY002', 'JBTN02', 'SKRT08', -2.000, 3.000, 1.200, '2021'),
('CKRY003', 'JBTN02', 'SKRT01', 0.000, 5.000, 2.000, '2021'),
('CKRY003', 'JBTN02', 'SKRT02', 1.000, 4.500, 2.700, '2021'),
('CKRY003', 'JBTN02', 'SKRT03', -3.000, 2.000, 1.200, '2021'),
('CKRY003', 'JBTN02', 'SKRT04', -2.000, 3.000, 1.200, '2021'),
('CKRY003', 'JBTN02', 'SKRT05', -2.000, 3.000, 1.800, '2021'),
('CKRY003', 'JBTN02', 'SKRT06', -2.000, 3.000, 1.800, '2021'),
('CKRY003', 'JBTN02', 'SKRT07', -2.000, 3.000, 1.800, '2021'),
('CKRY003', 'JBTN02', 'SKRT08', -2.000, 3.000, 1.200, '2021'),
('CKRY001', 'JBTN03', 'SKRT01', -1.000, 4.000, 1.600, '2021'),
('CKRY001', 'JBTN03', 'SKRT02', 0.000, 5.000, 3.000, '2021'),
('CKRY001', 'JBTN03', 'SKRT03', -1.000, 4.000, 2.400, '2021'),
('CKRY001', 'JBTN03', 'SKRT04', -4.000, 1.000, 0.400, '2021'),
('CKRY001', 'JBTN03', 'SKRT05', -4.000, 1.000, 0.600, '2021'),
('CKRY001', 'JBTN03', 'SKRT06', -1.000, 4.000, 2.400, '2021'),
('CKRY001', 'JBTN03', 'SKRT07', -4.000, 1.000, 0.600, '2021'),
('CKRY001', 'JBTN03', 'SKRT08', -4.000, 1.000, 0.400, '2021'),
('CKRY002', 'JBTN03', 'SKRT01', 0.000, 5.000, 2.000, '2021'),
('CKRY002', 'JBTN03', 'SKRT02', -2.000, 3.000, 1.800, '2021'),
('CKRY002', 'JBTN03', 'SKRT03', -2.000, 3.000, 1.800, '2021'),
('CKRY002', 'JBTN03', 'SKRT04', -4.000, 1.000, 0.400, '2021'),
('CKRY002', 'JBTN03', 'SKRT05', -4.000, 1.000, 0.600, '2021'),
('CKRY002', 'JBTN03', 'SKRT06', -1.000, 4.000, 2.400, '2021'),
('CKRY002', 'JBTN03', 'SKRT07', -4.000, 1.000, 0.600, '2021'),
('CKRY002', 'JBTN03', 'SKRT08', -4.000, 1.000, 0.400, '2021'),
('CKRY003', 'JBTN03', 'SKRT01', -1.000, 4.000, 1.600, '2021'),
('CKRY003', 'JBTN03', 'SKRT02', -1.000, 4.000, 2.400, '2021'),
('CKRY003', 'JBTN03', 'SKRT03', -1.000, 4.000, 2.400, '2021'),
('CKRY003', 'JBTN03', 'SKRT04', -4.000, 1.000, 0.400, '2021'),
('CKRY003', 'JBTN03', 'SKRT05', -4.000, 1.000, 0.600, '2021'),
('CKRY003', 'JBTN03', 'SKRT06', -1.000, 4.000, 2.400, '2021'),
('CKRY003', 'JBTN03', 'SKRT07', -4.000, 1.000, 0.600, '2021'),
('CKRY003', 'JBTN03', 'SKRT08', -4.000, 1.000, 0.400, '2021'),
('CKRY001', 'JBTN03', 'SKRT01', -1.000, 4.000, 1.600, '2021'),
('CKRY001', 'JBTN03', 'SKRT02', 0.000, 5.000, 3.000, '2021'),
('CKRY001', 'JBTN03', 'SKRT03', -1.000, 4.000, 2.400, '2021'),
('CKRY001', 'JBTN03', 'SKRT04', -4.000, 1.000, 0.400, '2021'),
('CKRY001', 'JBTN03', 'SKRT05', -4.000, 1.000, 0.600, '2021'),
('CKRY001', 'JBTN03', 'SKRT06', -1.000, 4.000, 2.400, '2021'),
('CKRY001', 'JBTN03', 'SKRT07', -4.000, 1.000, 0.600, '2021'),
('CKRY001', 'JBTN03', 'SKRT08', -4.000, 1.000, 0.400, '2021'),
('CKRY002', 'JBTN03', 'SKRT01', 0.000, 5.000, 2.000, '2021'),
('CKRY002', 'JBTN03', 'SKRT02', -2.000, 3.000, 1.800, '2021'),
('CKRY002', 'JBTN03', 'SKRT03', -2.000, 3.000, 1.800, '2021'),
('CKRY002', 'JBTN03', 'SKRT04', -4.000, 1.000, 0.400, '2021'),
('CKRY002', 'JBTN03', 'SKRT05', -4.000, 1.000, 0.600, '2021'),
('CKRY002', 'JBTN03', 'SKRT06', -1.000, 4.000, 2.400, '2021'),
('CKRY002', 'JBTN03', 'SKRT07', -4.000, 1.000, 0.600, '2021'),
('CKRY002', 'JBTN03', 'SKRT08', -4.000, 1.000, 0.400, '2021'),
('CKRY003', 'JBTN03', 'SKRT01', -1.000, 4.000, 1.600, '2021'),
('CKRY003', 'JBTN03', 'SKRT02', -1.000, 4.000, 2.400, '2021'),
('CKRY003', 'JBTN03', 'SKRT03', -1.000, 4.000, 2.400, '2021'),
('CKRY003', 'JBTN03', 'SKRT04', -4.000, 1.000, 0.400, '2021'),
('CKRY003', 'JBTN03', 'SKRT05', -4.000, 1.000, 0.600, '2021'),
('CKRY003', 'JBTN03', 'SKRT06', -1.000, 4.000, 2.400, '2021'),
('CKRY003', 'JBTN03', 'SKRT07', -4.000, 1.000, 0.600, '2021'),
('CKRY003', 'JBTN03', 'SKRT08', -4.000, 1.000, 0.400, '2021'),
('CKRY001', 'JBTN01', 'SKRT01', 2.000, 3.500, 1.400, '2021'),
('CKRY001', 'JBTN01', 'SKRT02', -2.000, 3.000, 1.800, '2021'),
('CKRY001', 'JBTN01', 'SKRT03', -3.000, 2.000, 1.200, '2021'),
('CKRY001', 'JBTN01', 'SKRT04', -2.000, 3.000, 1.200, '2021'),
('CKRY001', 'JBTN01', 'SKRT05', 0.000, 5.000, 3.000, '2021'),
('CKRY001', 'JBTN01', 'SKRT06', 1.000, 4.500, 2.700, '2021'),
('CKRY001', 'JBTN01', 'SKRT07', 0.000, 5.000, 3.000, '2021'),
('CKRY001', 'JBTN01', 'SKRT08', -2.000, 3.000, 1.200, '2021'),
('CKRY002', 'JBTN01', 'SKRT01', 0.000, 5.000, 2.000, '2021'),
('CKRY002', 'JBTN01', 'SKRT02', 0.000, 5.000, 3.000, '2021'),
('CKRY002', 'JBTN01', 'SKRT03', -2.000, 3.000, 1.800, '2021'),
('CKRY002', 'JBTN01', 'SKRT04', -1.000, 4.000, 1.600, '2021'),
('CKRY002', 'JBTN01', 'SKRT05', 1.000, 4.500, 2.700, '2021'),
('CKRY002', 'JBTN01', 'SKRT06', 3.000, 2.500, 1.500, '2021'),
('CKRY002', 'JBTN01', 'SKRT07', 1.000, 4.500, 2.700, '2021'),
('CKRY002', 'JBTN01', 'SKRT08', -1.000, 4.000, 1.600, '2021'),
('CKRY003', 'JBTN01', 'SKRT01', 1.000, 4.500, 1.800, '2021'),
('CKRY003', 'JBTN01', 'SKRT02', 0.000, 5.000, 3.000, '2021'),
('CKRY003', 'JBTN01', 'SKRT03', -4.000, 1.000, 0.600, '2021'),
('CKRY003', 'JBTN01', 'SKRT04', -3.000, 2.000, 0.800, '2021'),
('CKRY003', 'JBTN01', 'SKRT05', -1.000, 4.000, 2.400, '2021'),
('CKRY003', 'JBTN01', 'SKRT06', 2.000, 3.500, 2.100, '2021'),
('CKRY003', 'JBTN01', 'SKRT07', -2.000, 3.000, 1.800, '2021'),
('CKRY003', 'JBTN01', 'SKRT08', -3.000, 2.000, 0.800, '2021'),
('CKRY001', 'JBTN01', 'SKRT01', 2.000, 3.500, 1.400, '2021'),
('CKRY001', 'JBTN01', 'SKRT02', -2.000, 3.000, 1.800, '2021'),
('CKRY001', 'JBTN01', 'SKRT03', -3.000, 2.000, 1.200, '2021'),
('CKRY001', 'JBTN01', 'SKRT04', -2.000, 3.000, 1.200, '2021'),
('CKRY001', 'JBTN01', 'SKRT05', 0.000, 5.000, 3.000, '2021'),
('CKRY001', 'JBTN01', 'SKRT06', 1.000, 4.500, 2.700, '2021'),
('CKRY001', 'JBTN01', 'SKRT07', 0.000, 5.000, 3.000, '2021'),
('CKRY001', 'JBTN01', 'SKRT08', -2.000, 3.000, 1.200, '2021'),
('CKRY002', 'JBTN01', 'SKRT01', 0.000, 5.000, 2.000, '2021'),
('CKRY002', 'JBTN01', 'SKRT02', 0.000, 5.000, 3.000, '2021'),
('CKRY002', 'JBTN01', 'SKRT03', -2.000, 3.000, 1.800, '2021'),
('CKRY002', 'JBTN01', 'SKRT04', -1.000, 4.000, 1.600, '2021'),
('CKRY002', 'JBTN01', 'SKRT05', 1.000, 4.500, 2.700, '2021'),
('CKRY002', 'JBTN01', 'SKRT06', 3.000, 2.500, 1.500, '2021'),
('CKRY002', 'JBTN01', 'SKRT07', 1.000, 4.500, 2.700, '2021'),
('CKRY002', 'JBTN01', 'SKRT08', -1.000, 4.000, 1.600, '2021'),
('CKRY003', 'JBTN01', 'SKRT01', 1.000, 4.500, 1.800, '2021'),
('CKRY003', 'JBTN01', 'SKRT02', 0.000, 5.000, 3.000, '2021'),
('CKRY003', 'JBTN01', 'SKRT03', -4.000, 1.000, 0.600, '2021'),
('CKRY003', 'JBTN01', 'SKRT04', -3.000, 2.000, 0.800, '2021'),
('CKRY003', 'JBTN01', 'SKRT05', -1.000, 4.000, 2.400, '2021'),
('CKRY003', 'JBTN01', 'SKRT06', 2.000, 3.500, 2.100, '2021'),
('CKRY003', 'JBTN01', 'SKRT07', -2.000, 3.000, 1.800, '2021'),
('CKRY003', 'JBTN01', 'SKRT08', -3.000, 2.000, 0.800, '2021'),
('CKRY001', 'JBTN01', 'SKRT01', 2.000, 3.500, 1.400, '2021'),
('CKRY001', 'JBTN01', 'SKRT02', -2.000, 3.000, 1.800, '2021'),
('CKRY001', 'JBTN01', 'SKRT03', -3.000, 2.000, 1.200, '2021'),
('CKRY001', 'JBTN01', 'SKRT04', -2.000, 3.000, 1.200, '2021'),
('CKRY001', 'JBTN01', 'SKRT05', 0.000, 5.000, 3.000, '2021'),
('CKRY001', 'JBTN01', 'SKRT06', 1.000, 4.500, 2.700, '2021'),
('CKRY001', 'JBTN01', 'SKRT07', 0.000, 5.000, 3.000, '2021'),
('CKRY001', 'JBTN01', 'SKRT08', -2.000, 3.000, 1.200, '2021'),
('CKRY002', 'JBTN01', 'SKRT01', 0.000, 5.000, 2.000, '2021'),
('CKRY002', 'JBTN01', 'SKRT02', 0.000, 5.000, 3.000, '2021'),
('CKRY002', 'JBTN01', 'SKRT03', -2.000, 3.000, 1.800, '2021'),
('CKRY002', 'JBTN01', 'SKRT04', -1.000, 4.000, 1.600, '2021'),
('CKRY002', 'JBTN01', 'SKRT05', 1.000, 4.500, 2.700, '2021'),
('CKRY002', 'JBTN01', 'SKRT06', 3.000, 2.500, 1.500, '2021'),
('CKRY002', 'JBTN01', 'SKRT07', 1.000, 4.500, 2.700, '2021'),
('CKRY002', 'JBTN01', 'SKRT08', -1.000, 4.000, 1.600, '2021'),
('CKRY003', 'JBTN01', 'SKRT01', 1.000, 4.500, 1.800, '2021'),
('CKRY003', 'JBTN01', 'SKRT02', 0.000, 5.000, 3.000, '2021'),
('CKRY003', 'JBTN01', 'SKRT03', -4.000, 1.000, 0.600, '2021'),
('CKRY003', 'JBTN01', 'SKRT04', -3.000, 2.000, 0.800, '2021'),
('CKRY003', 'JBTN01', 'SKRT05', -1.000, 4.000, 2.400, '2021'),
('CKRY003', 'JBTN01', 'SKRT06', 2.000, 3.500, 2.100, '2021'),
('CKRY003', 'JBTN01', 'SKRT07', -2.000, 3.000, 1.800, '2021'),
('CKRY003', 'JBTN01', 'SKRT08', -3.000, 2.000, 0.800, '2021'),
('CKRY001', 'JBTN01', 'SKRT01', 2.000, 3.500, 1.400, '2021'),
('CKRY001', 'JBTN01', 'SKRT02', -2.000, 3.000, 1.800, '2021'),
('CKRY001', 'JBTN01', 'SKRT03', -3.000, 2.000, 1.200, '2021'),
('CKRY001', 'JBTN01', 'SKRT04', -2.000, 3.000, 1.200, '2021'),
('CKRY001', 'JBTN01', 'SKRT05', 0.000, 5.000, 3.000, '2021'),
('CKRY001', 'JBTN01', 'SKRT06', 1.000, 4.500, 2.700, '2021'),
('CKRY001', 'JBTN01', 'SKRT07', 0.000, 5.000, 3.000, '2021'),
('CKRY001', 'JBTN01', 'SKRT08', -2.000, 3.000, 1.200, '2021'),
('CKRY002', 'JBTN01', 'SKRT01', 0.000, 5.000, 2.000, '2021'),
('CKRY002', 'JBTN01', 'SKRT02', 0.000, 5.000, 3.000, '2021'),
('CKRY002', 'JBTN01', 'SKRT03', -2.000, 3.000, 1.800, '2021'),
('CKRY002', 'JBTN01', 'SKRT04', -1.000, 4.000, 1.600, '2021'),
('CKRY002', 'JBTN01', 'SKRT05', 1.000, 4.500, 2.700, '2021'),
('CKRY002', 'JBTN01', 'SKRT06', 3.000, 2.500, 1.500, '2021'),
('CKRY002', 'JBTN01', 'SKRT07', 1.000, 4.500, 2.700, '2021'),
('CKRY002', 'JBTN01', 'SKRT08', -1.000, 4.000, 1.600, '2021'),
('CKRY003', 'JBTN01', 'SKRT01', 1.000, 4.500, 1.800, '2021'),
('CKRY003', 'JBTN01', 'SKRT02', 0.000, 5.000, 3.000, '2021'),
('CKRY003', 'JBTN01', 'SKRT03', -4.000, 1.000, 0.600, '2021'),
('CKRY003', 'JBTN01', 'SKRT04', -3.000, 2.000, 0.800, '2021'),
('CKRY003', 'JBTN01', 'SKRT05', -1.000, 4.000, 2.400, '2021'),
('CKRY003', 'JBTN01', 'SKRT06', 2.000, 3.500, 2.100, '2021'),
('CKRY003', 'JBTN01', 'SKRT07', -2.000, 3.000, 1.800, '2021'),
('CKRY003', 'JBTN01', 'SKRT08', -3.000, 2.000, 0.800, '2021'),
('CKRY001', 'JBTN01', 'SKRT01', 2.000, 3.500, 1.400, '2021'),
('CKRY001', 'JBTN01', 'SKRT02', -2.000, 3.000, 1.800, '2021'),
('CKRY001', 'JBTN01', 'SKRT03', -3.000, 2.000, 1.200, '2021'),
('CKRY001', 'JBTN01', 'SKRT04', -2.000, 3.000, 1.200, '2021'),
('CKRY001', 'JBTN01', 'SKRT05', 0.000, 5.000, 3.000, '2021'),
('CKRY001', 'JBTN01', 'SKRT06', 1.000, 4.500, 2.700, '2021'),
('CKRY001', 'JBTN01', 'SKRT07', 0.000, 5.000, 3.000, '2021'),
('CKRY001', 'JBTN01', 'SKRT08', -2.000, 3.000, 1.200, '2021'),
('CKRY002', 'JBTN01', 'SKRT01', 0.000, 5.000, 2.000, '2021'),
('CKRY002', 'JBTN01', 'SKRT02', 0.000, 5.000, 3.000, '2021'),
('CKRY002', 'JBTN01', 'SKRT03', -2.000, 3.000, 1.800, '2021'),
('CKRY002', 'JBTN01', 'SKRT04', -1.000, 4.000, 1.600, '2021'),
('CKRY002', 'JBTN01', 'SKRT05', 1.000, 4.500, 2.700, '2021'),
('CKRY002', 'JBTN01', 'SKRT06', 3.000, 2.500, 1.500, '2021'),
('CKRY002', 'JBTN01', 'SKRT07', 1.000, 4.500, 2.700, '2021'),
('CKRY002', 'JBTN01', 'SKRT08', -1.000, 4.000, 1.600, '2021'),
('CKRY003', 'JBTN01', 'SKRT01', 1.000, 4.500, 1.800, '2021'),
('CKRY003', 'JBTN01', 'SKRT02', 0.000, 5.000, 3.000, '2021'),
('CKRY003', 'JBTN01', 'SKRT03', -4.000, 1.000, 0.600, '2021'),
('CKRY003', 'JBTN01', 'SKRT04', -3.000, 2.000, 0.800, '2021'),
('CKRY003', 'JBTN01', 'SKRT05', -1.000, 4.000, 2.400, '2021'),
('CKRY003', 'JBTN01', 'SKRT06', 2.000, 3.500, 2.100, '2021'),
('CKRY003', 'JBTN01', 'SKRT07', -2.000, 3.000, 1.800, '2021'),
('CKRY003', 'JBTN01', 'SKRT08', -3.000, 2.000, 0.800, '2021'),
('CKRY001', 'JBTN01', 'SKRT01', 2.000, 3.500, 1.400, '2021'),
('CKRY001', 'JBTN01', 'SKRT02', -2.000, 3.000, 1.800, '2021'),
('CKRY001', 'JBTN01', 'SKRT03', -3.000, 2.000, 1.200, '2021'),
('CKRY001', 'JBTN01', 'SKRT04', -2.000, 3.000, 1.200, '2021'),
('CKRY001', 'JBTN01', 'SKRT05', 0.000, 5.000, 3.000, '2021'),
('CKRY001', 'JBTN01', 'SKRT06', 1.000, 4.500, 2.700, '2021'),
('CKRY001', 'JBTN01', 'SKRT07', 0.000, 5.000, 3.000, '2021'),
('CKRY001', 'JBTN01', 'SKRT08', -2.000, 3.000, 1.200, '2021'),
('CKRY002', 'JBTN01', 'SKRT01', 0.000, 5.000, 2.000, '2021'),
('CKRY002', 'JBTN01', 'SKRT02', 0.000, 5.000, 3.000, '2021'),
('CKRY002', 'JBTN01', 'SKRT03', -2.000, 3.000, 1.800, '2021'),
('CKRY002', 'JBTN01', 'SKRT04', -1.000, 4.000, 1.600, '2021'),
('CKRY002', 'JBTN01', 'SKRT05', 1.000, 4.500, 2.700, '2021'),
('CKRY002', 'JBTN01', 'SKRT06', 3.000, 2.500, 1.500, '2021'),
('CKRY002', 'JBTN01', 'SKRT07', 1.000, 4.500, 2.700, '2021'),
('CKRY002', 'JBTN01', 'SKRT08', -1.000, 4.000, 1.600, '2021'),
('CKRY003', 'JBTN01', 'SKRT01', 1.000, 4.500, 1.800, '2021'),
('CKRY003', 'JBTN01', 'SKRT02', 0.000, 5.000, 3.000, '2021'),
('CKRY003', 'JBTN01', 'SKRT03', -4.000, 1.000, 0.600, '2021'),
('CKRY003', 'JBTN01', 'SKRT04', -3.000, 2.000, 0.800, '2021'),
('CKRY003', 'JBTN01', 'SKRT05', -1.000, 4.000, 2.400, '2021'),
('CKRY003', 'JBTN01', 'SKRT06', 2.000, 3.500, 2.100, '2021'),
('CKRY003', 'JBTN01', 'SKRT07', -2.000, 3.000, 1.800, '2021'),
('CKRY003', 'JBTN01', 'SKRT08', -3.000, 2.000, 0.800, '2021'),
('CKRY001', 'JBTN01', 'SKRT01', 2.000, 3.500, 1.400, '2021'),
('CKRY001', 'JBTN01', 'SKRT02', -2.000, 3.000, 1.800, '2021'),
('CKRY001', 'JBTN01', 'SKRT03', -3.000, 2.000, 1.200, '2021'),
('CKRY001', 'JBTN01', 'SKRT04', -2.000, 3.000, 1.200, '2021'),
('CKRY001', 'JBTN01', 'SKRT05', 0.000, 5.000, 3.000, '2021'),
('CKRY001', 'JBTN01', 'SKRT06', 1.000, 4.500, 2.700, '2021'),
('CKRY001', 'JBTN01', 'SKRT07', 0.000, 5.000, 3.000, '2021'),
('CKRY001', 'JBTN01', 'SKRT08', -2.000, 3.000, 1.200, '2021'),
('CKRY002', 'JBTN01', 'SKRT01', 0.000, 5.000, 2.000, '2021'),
('CKRY002', 'JBTN01', 'SKRT02', 0.000, 5.000, 3.000, '2021'),
('CKRY002', 'JBTN01', 'SKRT03', -2.000, 3.000, 1.800, '2021'),
('CKRY002', 'JBTN01', 'SKRT04', -1.000, 4.000, 1.600, '2021'),
('CKRY002', 'JBTN01', 'SKRT05', 1.000, 4.500, 2.700, '2021'),
('CKRY002', 'JBTN01', 'SKRT06', 3.000, 2.500, 1.500, '2021'),
('CKRY002', 'JBTN01', 'SKRT07', 1.000, 4.500, 2.700, '2021'),
('CKRY002', 'JBTN01', 'SKRT08', -1.000, 4.000, 1.600, '2021'),
('CKRY003', 'JBTN01', 'SKRT01', 1.000, 4.500, 1.800, '2021'),
('CKRY003', 'JBTN01', 'SKRT02', 0.000, 5.000, 3.000, '2021'),
('CKRY003', 'JBTN01', 'SKRT03', -4.000, 1.000, 0.600, '2021'),
('CKRY003', 'JBTN01', 'SKRT04', -3.000, 2.000, 0.800, '2021'),
('CKRY003', 'JBTN01', 'SKRT05', -1.000, 4.000, 2.400, '2021'),
('CKRY003', 'JBTN01', 'SKRT06', 2.000, 3.500, 2.100, '2021'),
('CKRY003', 'JBTN01', 'SKRT07', -2.000, 3.000, 1.800, '2021'),
('CKRY003', 'JBTN01', 'SKRT08', -3.000, 2.000, 0.800, '2021'),
('CKRY001', 'JBTN01', 'SKRT01', 2.000, 3.500, 1.400, '2021'),
('CKRY001', 'JBTN01', 'SKRT02', -2.000, 3.000, 1.800, '2021'),
('CKRY001', 'JBTN01', 'SKRT03', -3.000, 2.000, 1.200, '2021'),
('CKRY001', 'JBTN01', 'SKRT04', -2.000, 3.000, 1.200, '2021'),
('CKRY001', 'JBTN01', 'SKRT05', 0.000, 5.000, 3.000, '2021'),
('CKRY001', 'JBTN01', 'SKRT06', 1.000, 4.500, 2.700, '2021'),
('CKRY001', 'JBTN01', 'SKRT07', 0.000, 5.000, 3.000, '2021'),
('CKRY001', 'JBTN01', 'SKRT08', -2.000, 3.000, 1.200, '2021'),
('CKRY002', 'JBTN01', 'SKRT01', 0.000, 5.000, 2.000, '2021'),
('CKRY002', 'JBTN01', 'SKRT02', 0.000, 5.000, 3.000, '2021'),
('CKRY002', 'JBTN01', 'SKRT03', -2.000, 3.000, 1.800, '2021'),
('CKRY002', 'JBTN01', 'SKRT04', -1.000, 4.000, 1.600, '2021'),
('CKRY002', 'JBTN01', 'SKRT05', 1.000, 4.500, 2.700, '2021'),
('CKRY002', 'JBTN01', 'SKRT06', 3.000, 2.500, 1.500, '2021'),
('CKRY002', 'JBTN01', 'SKRT07', 1.000, 4.500, 2.700, '2021'),
('CKRY002', 'JBTN01', 'SKRT08', -1.000, 4.000, 1.600, '2021'),
('CKRY003', 'JBTN01', 'SKRT01', 1.000, 4.500, 1.800, '2021'),
('CKRY003', 'JBTN01', 'SKRT02', 0.000, 5.000, 3.000, '2021'),
('CKRY003', 'JBTN01', 'SKRT03', -4.000, 1.000, 0.600, '2021'),
('CKRY003', 'JBTN01', 'SKRT04', -3.000, 2.000, 0.800, '2021'),
('CKRY003', 'JBTN01', 'SKRT05', -1.000, 4.000, 2.400, '2021'),
('CKRY003', 'JBTN01', 'SKRT06', 2.000, 3.500, 2.100, '2021'),
('CKRY003', 'JBTN01', 'SKRT07', -2.000, 3.000, 1.800, '2021'),
('CKRY003', 'JBTN01', 'SKRT08', -3.000, 2.000, 0.800, '2021'),
('CKRY001', 'JBTN01', 'SKRT01', 2.000, 3.500, 1.400, '2021'),
('CKRY001', 'JBTN01', 'SKRT02', -2.000, 3.000, 1.800, '2021'),
('CKRY001', 'JBTN01', 'SKRT03', -3.000, 2.000, 1.200, '2021'),
('CKRY001', 'JBTN01', 'SKRT04', -2.000, 3.000, 1.200, '2021'),
('CKRY001', 'JBTN01', 'SKRT05', 0.000, 5.000, 3.000, '2021'),
('CKRY001', 'JBTN01', 'SKRT06', 1.000, 4.500, 2.700, '2021'),
('CKRY001', 'JBTN01', 'SKRT07', 0.000, 5.000, 3.000, '2021'),
('CKRY001', 'JBTN01', 'SKRT08', -2.000, 3.000, 1.200, '2021'),
('CKRY002', 'JBTN01', 'SKRT01', 0.000, 5.000, 2.000, '2021'),
('CKRY002', 'JBTN01', 'SKRT02', 0.000, 5.000, 3.000, '2021'),
('CKRY002', 'JBTN01', 'SKRT03', -2.000, 3.000, 1.800, '2021'),
('CKRY002', 'JBTN01', 'SKRT04', -1.000, 4.000, 1.600, '2021'),
('CKRY002', 'JBTN01', 'SKRT05', 1.000, 4.500, 2.700, '2021'),
('CKRY002', 'JBTN01', 'SKRT06', 3.000, 2.500, 1.500, '2021'),
('CKRY002', 'JBTN01', 'SKRT07', 1.000, 4.500, 2.700, '2021'),
('CKRY002', 'JBTN01', 'SKRT08', -1.000, 4.000, 1.600, '2021'),
('CKRY003', 'JBTN01', 'SKRT01', 1.000, 4.500, 1.800, '2021'),
('CKRY003', 'JBTN01', 'SKRT02', 0.000, 5.000, 3.000, '2021'),
('CKRY003', 'JBTN01', 'SKRT03', -4.000, 1.000, 0.600, '2021'),
('CKRY003', 'JBTN01', 'SKRT04', -3.000, 2.000, 0.800, '2021'),
('CKRY003', 'JBTN01', 'SKRT05', -1.000, 4.000, 2.400, '2021'),
('CKRY003', 'JBTN01', 'SKRT06', 2.000, 3.500, 2.100, '2021'),
('CKRY003', 'JBTN01', 'SKRT07', -2.000, 3.000, 1.800, '2021'),
('CKRY003', 'JBTN01', 'SKRT08', -3.000, 2.000, 0.800, '2021'),
('CKRY001', 'JBTN01', 'SKRT01', 2.000, 3.500, 1.400, '2021'),
('CKRY001', 'JBTN01', 'SKRT02', -2.000, 3.000, 1.800, '2021'),
('CKRY001', 'JBTN01', 'SKRT03', -3.000, 2.000, 1.200, '2021'),
('CKRY001', 'JBTN01', 'SKRT04', -2.000, 3.000, 1.200, '2021'),
('CKRY001', 'JBTN01', 'SKRT05', 0.000, 5.000, 3.000, '2021'),
('CKRY001', 'JBTN01', 'SKRT06', 1.000, 4.500, 2.700, '2021'),
('CKRY001', 'JBTN01', 'SKRT07', 0.000, 5.000, 3.000, '2021'),
('CKRY001', 'JBTN01', 'SKRT08', -2.000, 3.000, 1.200, '2021'),
('CKRY002', 'JBTN01', 'SKRT01', 0.000, 5.000, 2.000, '2021'),
('CKRY002', 'JBTN01', 'SKRT02', 0.000, 5.000, 3.000, '2021'),
('CKRY002', 'JBTN01', 'SKRT03', -2.000, 3.000, 1.800, '2021'),
('CKRY002', 'JBTN01', 'SKRT04', -1.000, 4.000, 1.600, '2021'),
('CKRY002', 'JBTN01', 'SKRT05', 1.000, 4.500, 2.700, '2021'),
('CKRY002', 'JBTN01', 'SKRT06', 3.000, 2.500, 1.500, '2021'),
('CKRY002', 'JBTN01', 'SKRT07', 1.000, 4.500, 2.700, '2021'),
('CKRY002', 'JBTN01', 'SKRT08', -1.000, 4.000, 1.600, '2021'),
('CKRY003', 'JBTN01', 'SKRT01', 1.000, 4.500, 1.800, '2021'),
('CKRY003', 'JBTN01', 'SKRT02', 0.000, 5.000, 3.000, '2021'),
('CKRY003', 'JBTN01', 'SKRT03', -4.000, 1.000, 0.600, '2021'),
('CKRY003', 'JBTN01', 'SKRT04', -3.000, 2.000, 0.800, '2021'),
('CKRY003', 'JBTN01', 'SKRT05', -1.000, 4.000, 2.400, '2021'),
('CKRY003', 'JBTN01', 'SKRT06', 2.000, 3.500, 2.100, '2021'),
('CKRY003', 'JBTN01', 'SKRT07', -2.000, 3.000, 1.800, '2021'),
('CKRY003', 'JBTN01', 'SKRT08', -3.000, 2.000, 0.800, '2021'),
('CKRY001', 'JBTN01', 'SKRT01', 2.000, 3.500, 1.400, '2021'),
('CKRY001', 'JBTN01', 'SKRT02', -2.000, 3.000, 1.800, '2021'),
('CKRY001', 'JBTN01', 'SKRT03', -3.000, 2.000, 1.200, '2021'),
('CKRY001', 'JBTN01', 'SKRT04', -2.000, 3.000, 1.200, '2021'),
('CKRY001', 'JBTN01', 'SKRT05', 0.000, 5.000, 3.000, '2021'),
('CKRY001', 'JBTN01', 'SKRT06', 1.000, 4.500, 2.700, '2021'),
('CKRY001', 'JBTN01', 'SKRT07', 0.000, 5.000, 3.000, '2021'),
('CKRY001', 'JBTN01', 'SKRT08', -2.000, 3.000, 1.200, '2021'),
('CKRY002', 'JBTN01', 'SKRT01', 0.000, 5.000, 2.000, '2021'),
('CKRY002', 'JBTN01', 'SKRT02', 0.000, 5.000, 3.000, '2021'),
('CKRY002', 'JBTN01', 'SKRT03', -2.000, 3.000, 1.800, '2021'),
('CKRY002', 'JBTN01', 'SKRT04', -1.000, 4.000, 1.600, '2021'),
('CKRY002', 'JBTN01', 'SKRT05', 1.000, 4.500, 2.700, '2021'),
('CKRY002', 'JBTN01', 'SKRT06', 3.000, 2.500, 1.500, '2021'),
('CKRY002', 'JBTN01', 'SKRT07', 1.000, 4.500, 2.700, '2021'),
('CKRY002', 'JBTN01', 'SKRT08', -1.000, 4.000, 1.600, '2021'),
('CKRY003', 'JBTN01', 'SKRT01', 1.000, 4.500, 1.800, '2021'),
('CKRY003', 'JBTN01', 'SKRT02', 0.000, 5.000, 3.000, '2021'),
('CKRY003', 'JBTN01', 'SKRT03', -4.000, 1.000, 0.600, '2021'),
('CKRY003', 'JBTN01', 'SKRT04', -3.000, 2.000, 0.800, '2021'),
('CKRY003', 'JBTN01', 'SKRT05', -1.000, 4.000, 2.400, '2021'),
('CKRY003', 'JBTN01', 'SKRT06', 2.000, 3.500, 2.100, '2021'),
('CKRY003', 'JBTN01', 'SKRT07', -2.000, 3.000, 1.800, '2021'),
('CKRY003', 'JBTN01', 'SKRT08', -3.000, 2.000, 0.800, '2021'),
('CKRY001', 'JBTN01', 'SKRT01', 2.000, 3.500, 1.400, '2021'),
('CKRY001', 'JBTN01', 'SKRT02', -2.000, 3.000, 1.800, '2021'),
('CKRY001', 'JBTN01', 'SKRT03', -3.000, 2.000, 1.200, '2021'),
('CKRY001', 'JBTN01', 'SKRT04', -2.000, 3.000, 1.200, '2021'),
('CKRY001', 'JBTN01', 'SKRT05', 0.000, 5.000, 3.000, '2021'),
('CKRY001', 'JBTN01', 'SKRT06', 1.000, 4.500, 2.700, '2021'),
('CKRY001', 'JBTN01', 'SKRT07', 0.000, 5.000, 3.000, '2021'),
('CKRY001', 'JBTN01', 'SKRT08', -2.000, 3.000, 1.200, '2021'),
('CKRY002', 'JBTN01', 'SKRT01', 0.000, 5.000, 2.000, '2021'),
('CKRY002', 'JBTN01', 'SKRT02', 0.000, 5.000, 3.000, '2021'),
('CKRY002', 'JBTN01', 'SKRT03', -2.000, 3.000, 1.800, '2021'),
('CKRY002', 'JBTN01', 'SKRT04', -1.000, 4.000, 1.600, '2021'),
('CKRY002', 'JBTN01', 'SKRT05', 1.000, 4.500, 2.700, '2021'),
('CKRY002', 'JBTN01', 'SKRT06', 3.000, 2.500, 1.500, '2021'),
('CKRY002', 'JBTN01', 'SKRT07', 1.000, 4.500, 2.700, '2021'),
('CKRY002', 'JBTN01', 'SKRT08', -1.000, 4.000, 1.600, '2021'),
('CKRY003', 'JBTN01', 'SKRT01', 1.000, 4.500, 1.800, '2021'),
('CKRY003', 'JBTN01', 'SKRT02', 0.000, 5.000, 3.000, '2021'),
('CKRY003', 'JBTN01', 'SKRT03', -4.000, 1.000, 0.600, '2021'),
('CKRY003', 'JBTN01', 'SKRT04', -3.000, 2.000, 0.800, '2021'),
('CKRY003', 'JBTN01', 'SKRT05', -1.000, 4.000, 2.400, '2021'),
('CKRY003', 'JBTN01', 'SKRT06', 2.000, 3.500, 2.100, '2021'),
('CKRY003', 'JBTN01', 'SKRT07', -2.000, 3.000, 1.800, '2021'),
('CKRY003', 'JBTN01', 'SKRT08', -3.000, 2.000, 0.800, '2021'),
('CKRY001', 'JBTN01', 'SKRT01', 2.000, 3.500, 1.400, '2021'),
('CKRY001', 'JBTN01', 'SKRT02', -2.000, 3.000, 1.800, '2021'),
('CKRY001', 'JBTN01', 'SKRT03', -3.000, 2.000, 1.200, '2021'),
('CKRY001', 'JBTN01', 'SKRT04', -2.000, 3.000, 1.200, '2021'),
('CKRY001', 'JBTN01', 'SKRT05', 0.000, 5.000, 3.000, '2021'),
('CKRY001', 'JBTN01', 'SKRT06', 1.000, 4.500, 2.700, '2021'),
('CKRY001', 'JBTN01', 'SKRT07', 0.000, 5.000, 3.000, '2021'),
('CKRY001', 'JBTN01', 'SKRT08', -2.000, 3.000, 1.200, '2021'),
('CKRY002', 'JBTN01', 'SKRT01', 0.000, 5.000, 2.000, '2021'),
('CKRY002', 'JBTN01', 'SKRT02', 0.000, 5.000, 3.000, '2021'),
('CKRY002', 'JBTN01', 'SKRT03', -2.000, 3.000, 1.800, '2021'),
('CKRY002', 'JBTN01', 'SKRT04', -1.000, 4.000, 1.600, '2021'),
('CKRY002', 'JBTN01', 'SKRT05', 1.000, 4.500, 2.700, '2021'),
('CKRY002', 'JBTN01', 'SKRT06', 3.000, 2.500, 1.500, '2021'),
('CKRY002', 'JBTN01', 'SKRT07', 1.000, 4.500, 2.700, '2021'),
('CKRY002', 'JBTN01', 'SKRT08', -1.000, 4.000, 1.600, '2021'),
('CKRY003', 'JBTN01', 'SKRT01', 1.000, 4.500, 1.800, '2021'),
('CKRY003', 'JBTN01', 'SKRT02', 0.000, 5.000, 3.000, '2021'),
('CKRY003', 'JBTN01', 'SKRT03', -4.000, 1.000, 0.600, '2021'),
('CKRY003', 'JBTN01', 'SKRT04', -3.000, 2.000, 0.800, '2021'),
('CKRY003', 'JBTN01', 'SKRT05', -1.000, 4.000, 2.400, '2021'),
('CKRY003', 'JBTN01', 'SKRT06', 2.000, 3.500, 2.100, '2021'),
('CKRY003', 'JBTN01', 'SKRT07', -2.000, 3.000, 1.800, '2021'),
('CKRY003', 'JBTN01', 'SKRT08', -3.000, 2.000, 0.800, '2021'),
('CKRY001', 'JBTN01', 'SKRT01', 2.000, 3.500, 1.400, '2021'),
('CKRY001', 'JBTN01', 'SKRT02', -2.000, 3.000, 1.800, '2021'),
('CKRY001', 'JBTN01', 'SKRT03', -3.000, 2.000, 1.200, '2021'),
('CKRY001', 'JBTN01', 'SKRT04', -2.000, 3.000, 1.200, '2021'),
('CKRY001', 'JBTN01', 'SKRT05', 0.000, 5.000, 3.000, '2021'),
('CKRY001', 'JBTN01', 'SKRT06', 1.000, 4.500, 2.700, '2021'),
('CKRY001', 'JBTN01', 'SKRT07', 0.000, 5.000, 3.000, '2021'),
('CKRY001', 'JBTN01', 'SKRT08', -2.000, 3.000, 1.200, '2021'),
('CKRY002', 'JBTN01', 'SKRT01', 0.000, 5.000, 2.000, '2021'),
('CKRY002', 'JBTN01', 'SKRT02', 0.000, 5.000, 3.000, '2021'),
('CKRY002', 'JBTN01', 'SKRT03', -2.000, 3.000, 1.800, '2021'),
('CKRY002', 'JBTN01', 'SKRT04', -1.000, 4.000, 1.600, '2021'),
('CKRY002', 'JBTN01', 'SKRT05', 1.000, 4.500, 2.700, '2021'),
('CKRY002', 'JBTN01', 'SKRT06', 3.000, 2.500, 1.500, '2021'),
('CKRY002', 'JBTN01', 'SKRT07', 1.000, 4.500, 2.700, '2021'),
('CKRY002', 'JBTN01', 'SKRT08', -1.000, 4.000, 1.600, '2021'),
('CKRY003', 'JBTN01', 'SKRT01', 1.000, 4.500, 1.800, '2021'),
('CKRY003', 'JBTN01', 'SKRT02', 0.000, 5.000, 3.000, '2021'),
('CKRY003', 'JBTN01', 'SKRT03', -4.000, 1.000, 0.600, '2021'),
('CKRY003', 'JBTN01', 'SKRT04', -3.000, 2.000, 0.800, '2021'),
('CKRY003', 'JBTN01', 'SKRT05', -1.000, 4.000, 2.400, '2021'),
('CKRY003', 'JBTN01', 'SKRT06', 2.000, 3.500, 2.100, '2021'),
('CKRY003', 'JBTN01', 'SKRT07', -2.000, 3.000, 1.800, '2021'),
('CKRY003', 'JBTN01', 'SKRT08', -3.000, 2.000, 0.800, '2021'),
('CKRY001', 'JBTN01', 'SKRT01', 2.000, 3.500, 1.400, '2021'),
('CKRY001', 'JBTN01', 'SKRT02', -2.000, 3.000, 1.800, '2021'),
('CKRY001', 'JBTN01', 'SKRT03', -3.000, 2.000, 1.200, '2021'),
('CKRY001', 'JBTN01', 'SKRT04', -2.000, 3.000, 1.200, '2021'),
('CKRY001', 'JBTN01', 'SKRT05', 0.000, 5.000, 3.000, '2021'),
('CKRY001', 'JBTN01', 'SKRT06', 1.000, 4.500, 2.700, '2021'),
('CKRY001', 'JBTN01', 'SKRT07', 0.000, 5.000, 3.000, '2021'),
('CKRY001', 'JBTN01', 'SKRT08', -2.000, 3.000, 1.200, '2021'),
('CKRY002', 'JBTN01', 'SKRT01', 0.000, 5.000, 2.000, '2021'),
('CKRY002', 'JBTN01', 'SKRT02', 0.000, 5.000, 3.000, '2021'),
('CKRY002', 'JBTN01', 'SKRT03', -2.000, 3.000, 1.800, '2021'),
('CKRY002', 'JBTN01', 'SKRT04', -1.000, 4.000, 1.600, '2021'),
('CKRY002', 'JBTN01', 'SKRT05', 1.000, 4.500, 2.700, '2021'),
('CKRY002', 'JBTN01', 'SKRT06', 3.000, 2.500, 1.500, '2021'),
('CKRY002', 'JBTN01', 'SKRT07', 1.000, 4.500, 2.700, '2021'),
('CKRY002', 'JBTN01', 'SKRT08', -1.000, 4.000, 1.600, '2021'),
('CKRY003', 'JBTN01', 'SKRT01', 1.000, 4.500, 1.800, '2021'),
('CKRY003', 'JBTN01', 'SKRT02', 0.000, 5.000, 3.000, '2021'),
('CKRY003', 'JBTN01', 'SKRT03', -4.000, 1.000, 0.600, '2021'),
('CKRY003', 'JBTN01', 'SKRT04', -3.000, 2.000, 0.800, '2021'),
('CKRY003', 'JBTN01', 'SKRT05', -1.000, 4.000, 2.400, '2021'),
('CKRY003', 'JBTN01', 'SKRT06', 2.000, 3.500, 2.100, '2021'),
('CKRY003', 'JBTN01', 'SKRT07', -2.000, 3.000, 1.800, '2021'),
('CKRY003', 'JBTN01', 'SKRT08', -3.000, 2.000, 0.800, '2021'),
('CKRY001', 'JBTN01', 'SKRT01', 2.000, 3.500, 1.400, '2021'),
('CKRY001', 'JBTN01', 'SKRT02', -2.000, 3.000, 1.800, '2021'),
('CKRY001', 'JBTN01', 'SKRT03', -3.000, 2.000, 1.200, '2021'),
('CKRY001', 'JBTN01', 'SKRT04', -2.000, 3.000, 1.200, '2021'),
('CKRY001', 'JBTN01', 'SKRT05', 0.000, 5.000, 3.000, '2021'),
('CKRY001', 'JBTN01', 'SKRT06', 1.000, 4.500, 2.700, '2021'),
('CKRY001', 'JBTN01', 'SKRT07', 0.000, 5.000, 3.000, '2021'),
('CKRY001', 'JBTN01', 'SKRT08', -2.000, 3.000, 1.200, '2021'),
('CKRY002', 'JBTN01', 'SKRT01', 0.000, 5.000, 2.000, '2021'),
('CKRY002', 'JBTN01', 'SKRT02', 0.000, 5.000, 3.000, '2021'),
('CKRY002', 'JBTN01', 'SKRT03', -2.000, 3.000, 1.800, '2021'),
('CKRY002', 'JBTN01', 'SKRT04', -1.000, 4.000, 1.600, '2021'),
('CKRY002', 'JBTN01', 'SKRT05', 1.000, 4.500, 2.700, '2021'),
('CKRY002', 'JBTN01', 'SKRT06', 3.000, 2.500, 1.500, '2021'),
('CKRY002', 'JBTN01', 'SKRT07', 1.000, 4.500, 2.700, '2021'),
('CKRY002', 'JBTN01', 'SKRT08', -1.000, 4.000, 1.600, '2021'),
('CKRY003', 'JBTN01', 'SKRT01', 1.000, 4.500, 1.800, '2021'),
('CKRY003', 'JBTN01', 'SKRT02', 0.000, 5.000, 3.000, '2021'),
('CKRY003', 'JBTN01', 'SKRT03', -4.000, 1.000, 0.600, '2021'),
('CKRY003', 'JBTN01', 'SKRT04', -3.000, 2.000, 0.800, '2021'),
('CKRY003', 'JBTN01', 'SKRT05', -1.000, 4.000, 2.400, '2021'),
('CKRY003', 'JBTN01', 'SKRT06', 2.000, 3.500, 2.100, '2021'),
('CKRY003', 'JBTN01', 'SKRT07', -2.000, 3.000, 1.800, '2021'),
('CKRY003', 'JBTN01', 'SKRT08', -3.000, 2.000, 0.800, '2021'),
('CKRY001', 'JBTN01', 'SKRT01', 2.000, 3.500, 1.400, '2021'),
('CKRY001', 'JBTN01', 'SKRT02', -2.000, 3.000, 1.800, '2021'),
('CKRY001', 'JBTN01', 'SKRT03', -3.000, 2.000, 1.200, '2021'),
('CKRY001', 'JBTN01', 'SKRT04', -2.000, 3.000, 1.200, '2021'),
('CKRY001', 'JBTN01', 'SKRT05', 0.000, 5.000, 3.000, '2021'),
('CKRY001', 'JBTN01', 'SKRT06', 1.000, 4.500, 2.700, '2021'),
('CKRY001', 'JBTN01', 'SKRT07', 0.000, 5.000, 3.000, '2021'),
('CKRY001', 'JBTN01', 'SKRT08', -2.000, 3.000, 1.200, '2021'),
('CKRY002', 'JBTN01', 'SKRT01', 0.000, 5.000, 2.000, '2021'),
('CKRY002', 'JBTN01', 'SKRT02', 0.000, 5.000, 3.000, '2021'),
('CKRY002', 'JBTN01', 'SKRT03', -2.000, 3.000, 1.800, '2021'),
('CKRY002', 'JBTN01', 'SKRT04', -1.000, 4.000, 1.600, '2021'),
('CKRY002', 'JBTN01', 'SKRT05', 1.000, 4.500, 2.700, '2021'),
('CKRY002', 'JBTN01', 'SKRT06', 3.000, 2.500, 1.500, '2021'),
('CKRY002', 'JBTN01', 'SKRT07', 1.000, 4.500, 2.700, '2021'),
('CKRY002', 'JBTN01', 'SKRT08', -1.000, 4.000, 1.600, '2021'),
('CKRY003', 'JBTN01', 'SKRT01', 1.000, 4.500, 1.800, '2021'),
('CKRY003', 'JBTN01', 'SKRT02', 0.000, 5.000, 3.000, '2021'),
('CKRY003', 'JBTN01', 'SKRT03', -4.000, 1.000, 0.600, '2021'),
('CKRY003', 'JBTN01', 'SKRT04', -3.000, 2.000, 0.800, '2021'),
('CKRY003', 'JBTN01', 'SKRT05', -1.000, 4.000, 2.400, '2021'),
('CKRY003', 'JBTN01', 'SKRT06', 2.000, 3.500, 2.100, '2021'),
('CKRY003', 'JBTN01', 'SKRT07', -2.000, 3.000, 1.800, '2021'),
('CKRY003', 'JBTN01', 'SKRT08', -3.000, 2.000, 0.800, '2021'),
('CKRY001', 'JBTN01', 'SKRT01', 2.000, 3.500, 1.400, '2021'),
('CKRY001', 'JBTN01', 'SKRT02', -2.000, 3.000, 1.800, '2021'),
('CKRY001', 'JBTN01', 'SKRT03', -3.000, 2.000, 1.200, '2021'),
('CKRY001', 'JBTN01', 'SKRT04', -2.000, 3.000, 1.200, '2021'),
('CKRY001', 'JBTN01', 'SKRT05', 0.000, 5.000, 3.000, '2021'),
('CKRY001', 'JBTN01', 'SKRT06', 1.000, 4.500, 2.700, '2021'),
('CKRY001', 'JBTN01', 'SKRT07', 0.000, 5.000, 3.000, '2021'),
('CKRY001', 'JBTN01', 'SKRT08', -2.000, 3.000, 1.200, '2021'),
('CKRY002', 'JBTN01', 'SKRT01', 0.000, 5.000, 2.000, '2021'),
('CKRY002', 'JBTN01', 'SKRT02', 0.000, 5.000, 3.000, '2021'),
('CKRY002', 'JBTN01', 'SKRT03', -2.000, 3.000, 1.800, '2021'),
('CKRY002', 'JBTN01', 'SKRT04', -1.000, 4.000, 1.600, '2021'),
('CKRY002', 'JBTN01', 'SKRT05', 1.000, 4.500, 2.700, '2021'),
('CKRY002', 'JBTN01', 'SKRT06', 3.000, 2.500, 1.500, '2021'),
('CKRY002', 'JBTN01', 'SKRT07', 1.000, 4.500, 2.700, '2021'),
('CKRY002', 'JBTN01', 'SKRT08', -1.000, 4.000, 1.600, '2021'),
('CKRY003', 'JBTN01', 'SKRT01', 1.000, 4.500, 1.800, '2021'),
('CKRY003', 'JBTN01', 'SKRT02', 0.000, 5.000, 3.000, '2021'),
('CKRY003', 'JBTN01', 'SKRT03', -4.000, 1.000, 0.600, '2021'),
('CKRY003', 'JBTN01', 'SKRT04', -3.000, 2.000, 0.800, '2021'),
('CKRY003', 'JBTN01', 'SKRT05', -1.000, 4.000, 2.400, '2021'),
('CKRY003', 'JBTN01', 'SKRT06', 2.000, 3.500, 2.100, '2021'),
('CKRY003', 'JBTN01', 'SKRT07', -2.000, 3.000, 1.800, '2021'),
('CKRY003', 'JBTN01', 'SKRT08', -3.000, 2.000, 0.800, '2021'),
('CKRY001', 'JBTN01', 'SKRT01', 2.000, 3.500, 1.400, '2021'),
('CKRY001', 'JBTN01', 'SKRT02', -2.000, 3.000, 1.800, '2021'),
('CKRY001', 'JBTN01', 'SKRT03', -3.000, 2.000, 1.200, '2021'),
('CKRY001', 'JBTN01', 'SKRT04', -2.000, 3.000, 1.200, '2021'),
('CKRY001', 'JBTN01', 'SKRT05', 0.000, 5.000, 3.000, '2021'),
('CKRY001', 'JBTN01', 'SKRT06', 1.000, 4.500, 2.700, '2021'),
('CKRY001', 'JBTN01', 'SKRT07', 0.000, 5.000, 3.000, '2021'),
('CKRY001', 'JBTN01', 'SKRT08', -2.000, 3.000, 1.200, '2021'),
('CKRY002', 'JBTN01', 'SKRT01', 0.000, 5.000, 2.000, '2021'),
('CKRY002', 'JBTN01', 'SKRT02', 0.000, 5.000, 3.000, '2021'),
('CKRY002', 'JBTN01', 'SKRT03', -2.000, 3.000, 1.800, '2021'),
('CKRY002', 'JBTN01', 'SKRT04', -1.000, 4.000, 1.600, '2021'),
('CKRY002', 'JBTN01', 'SKRT05', 1.000, 4.500, 2.700, '2021'),
('CKRY002', 'JBTN01', 'SKRT06', 3.000, 2.500, 1.500, '2021'),
('CKRY002', 'JBTN01', 'SKRT07', 1.000, 4.500, 2.700, '2021'),
('CKRY002', 'JBTN01', 'SKRT08', -1.000, 4.000, 1.600, '2021'),
('CKRY003', 'JBTN01', 'SKRT01', 1.000, 4.500, 1.800, '2021'),
('CKRY003', 'JBTN01', 'SKRT02', 0.000, 5.000, 3.000, '2021'),
('CKRY003', 'JBTN01', 'SKRT03', -4.000, 1.000, 0.600, '2021'),
('CKRY003', 'JBTN01', 'SKRT04', -3.000, 2.000, 0.800, '2021'),
('CKRY003', 'JBTN01', 'SKRT05', -1.000, 4.000, 2.400, '2021'),
('CKRY003', 'JBTN01', 'SKRT06', 2.000, 3.500, 2.100, '2021'),
('CKRY003', 'JBTN01', 'SKRT07', -2.000, 3.000, 1.800, '2021'),
('CKRY003', 'JBTN01', 'SKRT08', -3.000, 2.000, 0.800, '2021'),
('CKRY001', 'JBTN01', 'SKRT01', 2.000, 3.500, 1.400, '2021'),
('CKRY001', 'JBTN01', 'SKRT02', -2.000, 3.000, 1.800, '2021'),
('CKRY001', 'JBTN01', 'SKRT03', -3.000, 2.000, 1.200, '2021'),
('CKRY001', 'JBTN01', 'SKRT04', -2.000, 3.000, 1.200, '2021'),
('CKRY001', 'JBTN01', 'SKRT05', 0.000, 5.000, 3.000, '2021'),
('CKRY001', 'JBTN01', 'SKRT06', 1.000, 4.500, 2.700, '2021'),
('CKRY001', 'JBTN01', 'SKRT07', 0.000, 5.000, 3.000, '2021'),
('CKRY001', 'JBTN01', 'SKRT08', -2.000, 3.000, 1.200, '2021'),
('CKRY002', 'JBTN01', 'SKRT01', 0.000, 5.000, 2.000, '2021'),
('CKRY002', 'JBTN01', 'SKRT02', 0.000, 5.000, 3.000, '2021'),
('CKRY002', 'JBTN01', 'SKRT03', -2.000, 3.000, 1.800, '2021'),
('CKRY002', 'JBTN01', 'SKRT04', -1.000, 4.000, 1.600, '2021'),
('CKRY002', 'JBTN01', 'SKRT05', 1.000, 4.500, 2.700, '2021'),
('CKRY002', 'JBTN01', 'SKRT06', 3.000, 2.500, 1.500, '2021'),
('CKRY002', 'JBTN01', 'SKRT07', 1.000, 4.500, 2.700, '2021'),
('CKRY002', 'JBTN01', 'SKRT08', -1.000, 4.000, 1.600, '2021'),
('CKRY003', 'JBTN01', 'SKRT01', 1.000, 4.500, 1.800, '2021'),
('CKRY003', 'JBTN01', 'SKRT02', 0.000, 5.000, 3.000, '2021'),
('CKRY003', 'JBTN01', 'SKRT03', -4.000, 1.000, 0.600, '2021'),
('CKRY003', 'JBTN01', 'SKRT04', -3.000, 2.000, 0.800, '2021'),
('CKRY003', 'JBTN01', 'SKRT05', -1.000, 4.000, 2.400, '2021'),
('CKRY003', 'JBTN01', 'SKRT06', 2.000, 3.500, 2.100, '2021'),
('CKRY003', 'JBTN01', 'SKRT07', -2.000, 3.000, 1.800, '2021'),
('CKRY003', 'JBTN01', 'SKRT08', -3.000, 2.000, 0.800, '2021'),
('CKRY001', 'JBTN01', 'SKRT01', 2.000, 3.500, 1.400, '2021'),
('CKRY001', 'JBTN01', 'SKRT02', -2.000, 3.000, 1.800, '2021'),
('CKRY001', 'JBTN01', 'SKRT03', -3.000, 2.000, 1.200, '2021'),
('CKRY001', 'JBTN01', 'SKRT04', -2.000, 3.000, 1.200, '2021'),
('CKRY001', 'JBTN01', 'SKRT05', 0.000, 5.000, 3.000, '2021'),
('CKRY001', 'JBTN01', 'SKRT06', 1.000, 4.500, 2.700, '2021'),
('CKRY001', 'JBTN01', 'SKRT07', 0.000, 5.000, 3.000, '2021'),
('CKRY001', 'JBTN01', 'SKRT08', -2.000, 3.000, 1.200, '2021'),
('CKRY002', 'JBTN01', 'SKRT01', 0.000, 5.000, 2.000, '2021'),
('CKRY002', 'JBTN01', 'SKRT02', 0.000, 5.000, 3.000, '2021'),
('CKRY002', 'JBTN01', 'SKRT03', -2.000, 3.000, 1.800, '2021'),
('CKRY002', 'JBTN01', 'SKRT04', -1.000, 4.000, 1.600, '2021'),
('CKRY002', 'JBTN01', 'SKRT05', 1.000, 4.500, 2.700, '2021'),
('CKRY002', 'JBTN01', 'SKRT06', 3.000, 2.500, 1.500, '2021'),
('CKRY002', 'JBTN01', 'SKRT07', 1.000, 4.500, 2.700, '2021'),
('CKRY002', 'JBTN01', 'SKRT08', -1.000, 4.000, 1.600, '2021'),
('CKRY003', 'JBTN01', 'SKRT01', 1.000, 4.500, 1.800, '2021'),
('CKRY003', 'JBTN01', 'SKRT02', 0.000, 5.000, 3.000, '2021'),
('CKRY003', 'JBTN01', 'SKRT03', -4.000, 1.000, 0.600, '2021'),
('CKRY003', 'JBTN01', 'SKRT04', -3.000, 2.000, 0.800, '2021'),
('CKRY003', 'JBTN01', 'SKRT05', -1.000, 4.000, 2.400, '2021'),
('CKRY003', 'JBTN01', 'SKRT06', 2.000, 3.500, 2.100, '2021'),
('CKRY003', 'JBTN01', 'SKRT07', -2.000, 3.000, 1.800, '2021'),
('CKRY003', 'JBTN01', 'SKRT08', -3.000, 2.000, 0.800, '2021'),
('CKRY001', 'JBTN01', 'SKRT01', 2.000, 3.500, 1.400, '2021'),
('CKRY001', 'JBTN01', 'SKRT02', -2.000, 3.000, 1.800, '2021'),
('CKRY001', 'JBTN01', 'SKRT03', -3.000, 2.000, 1.200, '2021'),
('CKRY001', 'JBTN01', 'SKRT04', -2.000, 3.000, 1.200, '2021'),
('CKRY001', 'JBTN01', 'SKRT05', 0.000, 5.000, 3.000, '2021'),
('CKRY001', 'JBTN01', 'SKRT06', 1.000, 4.500, 2.700, '2021'),
('CKRY001', 'JBTN01', 'SKRT07', 0.000, 5.000, 3.000, '2021'),
('CKRY001', 'JBTN01', 'SKRT08', -2.000, 3.000, 1.200, '2021'),
('CKRY002', 'JBTN01', 'SKRT01', 0.000, 5.000, 2.000, '2021'),
('CKRY002', 'JBTN01', 'SKRT02', 0.000, 5.000, 3.000, '2021'),
('CKRY002', 'JBTN01', 'SKRT03', -2.000, 3.000, 1.800, '2021'),
('CKRY002', 'JBTN01', 'SKRT04', -1.000, 4.000, 1.600, '2021'),
('CKRY002', 'JBTN01', 'SKRT05', 1.000, 4.500, 2.700, '2021'),
('CKRY002', 'JBTN01', 'SKRT06', 3.000, 2.500, 1.500, '2021'),
('CKRY002', 'JBTN01', 'SKRT07', 1.000, 4.500, 2.700, '2021'),
('CKRY002', 'JBTN01', 'SKRT08', -1.000, 4.000, 1.600, '2021'),
('CKRY003', 'JBTN01', 'SKRT01', 1.000, 4.500, 1.800, '2021'),
('CKRY003', 'JBTN01', 'SKRT02', 0.000, 5.000, 3.000, '2021'),
('CKRY003', 'JBTN01', 'SKRT03', -4.000, 1.000, 0.600, '2021'),
('CKRY003', 'JBTN01', 'SKRT04', -3.000, 2.000, 0.800, '2021'),
('CKRY003', 'JBTN01', 'SKRT05', -1.000, 4.000, 2.400, '2021'),
('CKRY003', 'JBTN01', 'SKRT06', 2.000, 3.500, 2.100, '2021'),
('CKRY003', 'JBTN01', 'SKRT07', -2.000, 3.000, 1.800, '2021'),
('CKRY003', 'JBTN01', 'SKRT08', -3.000, 2.000, 0.800, '2021'),
('CKRY001', 'JBTN01', 'SKRT01', 2.000, 3.500, 1.400, '2021'),
('CKRY001', 'JBTN01', 'SKRT02', -2.000, 3.000, 1.800, '2021'),
('CKRY001', 'JBTN01', 'SKRT03', -3.000, 2.000, 1.200, '2021'),
('CKRY001', 'JBTN01', 'SKRT04', -2.000, 3.000, 1.200, '2021'),
('CKRY001', 'JBTN01', 'SKRT05', 0.000, 5.000, 3.000, '2021'),
('CKRY001', 'JBTN01', 'SKRT06', 1.000, 4.500, 2.700, '2021'),
('CKRY001', 'JBTN01', 'SKRT07', 0.000, 5.000, 3.000, '2021'),
('CKRY001', 'JBTN01', 'SKRT08', -2.000, 3.000, 1.200, '2021'),
('CKRY002', 'JBTN01', 'SKRT01', 0.000, 5.000, 2.000, '2021'),
('CKRY002', 'JBTN01', 'SKRT02', 0.000, 5.000, 3.000, '2021'),
('CKRY002', 'JBTN01', 'SKRT03', -2.000, 3.000, 1.800, '2021'),
('CKRY002', 'JBTN01', 'SKRT04', -1.000, 4.000, 1.600, '2021'),
('CKRY002', 'JBTN01', 'SKRT05', 1.000, 4.500, 2.700, '2021'),
('CKRY002', 'JBTN01', 'SKRT06', 3.000, 2.500, 1.500, '2021'),
('CKRY002', 'JBTN01', 'SKRT07', 1.000, 4.500, 2.700, '2021'),
('CKRY002', 'JBTN01', 'SKRT08', -1.000, 4.000, 1.600, '2021'),
('CKRY003', 'JBTN01', 'SKRT01', 1.000, 4.500, 1.800, '2021'),
('CKRY003', 'JBTN01', 'SKRT02', 0.000, 5.000, 3.000, '2021'),
('CKRY003', 'JBTN01', 'SKRT03', -4.000, 1.000, 0.600, '2021'),
('CKRY003', 'JBTN01', 'SKRT04', -3.000, 2.000, 0.800, '2021'),
('CKRY003', 'JBTN01', 'SKRT05', -1.000, 4.000, 2.400, '2021'),
('CKRY003', 'JBTN01', 'SKRT06', 2.000, 3.500, 2.100, '2021'),
('CKRY003', 'JBTN01', 'SKRT07', -2.000, 3.000, 1.800, '2021'),
('CKRY003', 'JBTN01', 'SKRT08', -3.000, 2.000, 0.800, '2021');

-- --------------------------------------------------------

--
-- Struktur dari tabel `banding_kriteria`
--

CREATE TABLE IF NOT EXISTS `banding_kriteria` (
  `id_kriteria` varchar(6) NOT NULL DEFAULT '',
  `id_kriteria_2` varchar(6) NOT NULL,
  `periode` varchar(4) NOT NULL DEFAULT '',
  `nilai_banding` double(4,3) DEFAULT NULL
) ENGINE=InnoDB DEFAULT CHARSET=latin1;

--
-- Dumping data untuk tabel `banding_kriteria`
--

INSERT INTO `banding_kriteria` (`id_kriteria`, `id_kriteria_2`, `periode`, `nilai_banding`) VALUES
('KRIT01', 'KRIT01', '2020', 1.000),
('KRIT01', 'KRIT01', '2021', 1.000),
('KRIT01', 'KRIT02', '2020', 0.500),
('KRIT01', 'KRIT02', '2021', 1.000),
('KRIT01', 'KRIT03', '2020', 0.200),
('KRIT01', 'KRIT03', '2021', 0.500),
('KRIT01', 'KRIT04', '2020', 0.330),
('KRIT01', 'KRIT04', '2021', 3.000),
('KRIT02', 'KRIT01', '2020', 2.000),
('KRIT02', 'KRIT01', '2021', 1.000),
('KRIT02', 'KRIT02', '2020', 1.000),
('KRIT02', 'KRIT02', '2021', 1.000),
('KRIT02', 'KRIT03', '2020', 0.500),
('KRIT02', 'KRIT03', '2021', 0.200),
('KRIT02', 'KRIT04', '2020', 0.250),
('KRIT02', 'KRIT04', '2021', 4.000),
('KRIT03', 'KRIT01', '2020', 5.000),
('KRIT03', 'KRIT01', '2021', 2.000),
('KRIT03', 'KRIT02', '2020', 2.000),
('KRIT03', 'KRIT02', '2021', 5.000),
('KRIT03', 'KRIT03', '2020', 1.000),
('KRIT03', 'KRIT03', '2021', 1.000),
('KRIT03', 'KRIT04', '2020', 0.330),
('KRIT03', 'KRIT04', '2021', 0.333),
('KRIT04', 'KRIT01', '2020', 3.000),
('KRIT04', 'KRIT01', '2021', 0.333),
('KRIT04', 'KRIT02', '2020', 4.000),
('KRIT04', 'KRIT02', '2021', 0.250),
('KRIT04', 'KRIT03', '2020', 3.000),
('KRIT04', 'KRIT03', '2021', 3.000),
('KRIT04', 'KRIT04', '2020', 1.000),
('KRIT04', 'KRIT04', '2021', 1.000);

-- --------------------------------------------------------

--
-- Struktur dari tabel `calon_karyawan`
--

CREATE TABLE IF NOT EXISTS `calon_karyawan` (
  `id_calon_karyawan` char(7) NOT NULL DEFAULT '',
  `nm_calon_karyawan` varchar(50) DEFAULT NULL,
  `jenkel` varchar(10) DEFAULT NULL,
  `no_telp` varchar(13) DEFAULT NULL,
  `alamat` varchar(150) DEFAULT ''
) ENGINE=InnoDB DEFAULT CHARSET=latin1 ROW_FORMAT=COMPACT;

--
-- Dumping data untuk tabel `calon_karyawan`
--

INSERT INTO `calon_karyawan` (`id_calon_karyawan`, `nm_calon_karyawan`, `jenkel`, `no_telp`, `alamat`) VALUES
('CKRY001', 'Risa Aulia Fitri', 'Perempuan', '0895943923902', 'Yogyakarta'),
('CKRY002', 'Rheza Akbar', 'Laki-Laki', '0838239283013', 'Bantul'),
('CKRY003', 'Suri Azzahra', 'Perempuan', '0897373847209', 'Sewon');

-- --------------------------------------------------------

--
-- Struktur dari tabel `hasil`
--

CREATE TABLE IF NOT EXISTS `hasil` (
  `id_calon_karyawan` char(7) NOT NULL DEFAULT '',
  `id_jabatan` varchar(6) NOT NULL DEFAULT '',
  `total` double(4,3) DEFAULT NULL,
  `periode` varchar(4) DEFAULT NULL
) ENGINE=InnoDB DEFAULT CHARSET=latin1;

--
-- Dumping data untuk tabel `hasil`
--

INSERT INTO `hasil` (`id_calon_karyawan`, `id_jabatan`, `total`, `periode`) VALUES
('CKRY001', 'JBTN01', 4.608, '2020'),
('CKRY001', 'JBTN02', 5.558, '2020'),
('CKRY001', 'JBTN03', 2.845, '2021'),
('CKRY001', 'JBTN04', 0.000, '2021'),
('CKRY001', 'JBTN05', 3.675, '2021'),
('CKRY001', 'JBTN06', 4.072, '2021'),
('CKRY001', 'JBTN07', 2.538, '2021'),
('CKRY001', 'JBTN08', 1.258, '2021'),
('CKRY001', 'JBTN09', 3.347, '2021'),
('CKRY002', 'JBTN01', 4.615, '2020'),
('CKRY002', 'JBTN02', 5.239, '2020'),
('CKRY002', 'JBTN03', 2.561, '2021'),
('CKRY002', 'JBTN04', 0.000, '2021'),
('CKRY002', 'JBTN05', 3.645, '2021'),
('CKRY002', 'JBTN06', 4.309, '2021'),
('CKRY002', 'JBTN07', 2.538, '2021'),
('CKRY002', 'JBTN08', 1.177, '2021'),
('CKRY002', 'JBTN09', 3.237, '2021'),
('CKRY003', 'JBTN01', 3.459, '2021'),
('CKRY003', 'JBTN02', 3.553, '2021'),
('CKRY003', 'JBTN03', 2.723, '2021');

-- --------------------------------------------------------

--
-- Struktur dari tabel `jabatan`
--

CREATE TABLE IF NOT EXISTS `jabatan` (
  `id_jabatan` varchar(6) NOT NULL DEFAULT '',
  `nm_jabatan` varchar(50) DEFAULT NULL
) ENGINE=InnoDB DEFAULT CHARSET=latin1 ROW_FORMAT=COMPACT;

--
-- Dumping data untuk tabel `jabatan`
--

INSERT INTO `jabatan` (`id_jabatan`, `nm_jabatan`) VALUES
('JBTN01', 'Staff Edukasi');

-- --------------------------------------------------------

--
-- Struktur dari tabel `kriteria`
--

CREATE TABLE IF NOT EXISTS `kriteria` (
  `id_kriteria` varchar(6) NOT NULL DEFAULT '',
  `nm_kriteria` varchar(50) DEFAULT NULL,
  `eigenvector_kriteria` double(5,3) DEFAULT NULL
) ENGINE=InnoDB DEFAULT CHARSET=latin1;

--
-- Dumping data untuk tabel `kriteria`
--

INSERT INTO `kriteria` (`id_kriteria`, `nm_kriteria`, `eigenvector_kriteria`) VALUES
('KRIT01', 'Administrasi', 0.203),
('KRIT02', 'Interview', 0.217),
('KRIT03', 'Psikotes', 0.355);

-- --------------------------------------------------------

--
-- Struktur dari tabel `punya`
--

CREATE TABLE IF NOT EXISTS `punya` (
  `id_calon_karyawan` char(7) NOT NULL DEFAULT '',
  `id_subkriteria` varchar(7) NOT NULL DEFAULT '',
  `nilai` int(1) DEFAULT NULL,
  `periode` varchar(4) NOT NULL DEFAULT '',
  `flag` varchar(6) DEFAULT NULL
) ENGINE=InnoDB DEFAULT CHARSET=latin1;

--
-- Dumping data untuk tabel `punya`
--

INSERT INTO `punya` (`id_calon_karyawan`, `id_subkriteria`, `nilai`, `periode`, `flag`) VALUES
('CKRY001', 'SKRT01', 3, '2020', 'JBTN01'),
('CKRY002', 'SKRT01', 1, '2020', 'JBTN01'),
('CKRY001', 'SKRT02', 1, '2020', 'JBTN01'),
('CKRY002', 'SKRT02', 3, '2020', 'JBTN01'),
('CKRY001', 'SKRT03', 1, '2020', 'JBTN01'),
('CKRY002', 'SKRT03', 2, '2020', 'JBTN01'),
('CKRY001', 'SKRT04', 2, '2020', 'JBTN01'),
('CKRY002', 'SKRT04', 3, '2020', 'JBTN01'),
('CKRY001', 'SKRT05', 2, '2020', 'JBTN01'),
('CKRY002', 'SKRT05', 3, '2020', 'JBTN01'),
('CKRY001', 'SKRT06', 3, '2020', 'JBTN01'),
('CKRY002', 'SKRT06', 5, '2020', 'JBTN01'),
('CKRY001', 'SKRT07', 3, '2020', 'JBTN01'),
('CKRY002', 'SKRT07', 4, '2020', 'JBTN01'),
('CKRY001', 'SKRT08', 2, '2020', 'JBTN01'),
('CKRY002', 'SKRT08', 3, '2020', 'JBTN01'),
('CKRY001', 'SKRT01', 1, '2020', 'JBTN02'),
('CKRY001', 'SKRT02', 1, '2020', 'JBTN02'),
('CKRY001', 'SKRT03', 1, '2020', 'JBTN02'),
('CKRY001', 'SKRT04', 2, '2020', 'JBTN02'),
('CKRY001', 'SKRT05', 1, '2020', 'JBTN02'),
('CKRY001', 'SKRT06', 3, '2020', 'JBTN02'),
('CKRY001', 'SKRT07', 3, '2020', 'JBTN02'),
('CKRY001', 'SKRT08', 5, '2020', 'JBTN02'),
('CKRY002', 'SKRT01', 3, '2020', 'JBTN02'),
('CKRY002', 'SKRT02', 3, '2020', 'JBTN02'),
('CKRY002', 'SKRT03', 2, '2020', 'JBTN02'),
('CKRY002', 'SKRT04', 3, '2020', 'JBTN02'),
('CKRY002', 'SKRT05', 1, '2020', 'JBTN02'),
('CKRY002', 'SKRT06', 4, '2020', 'JBTN02'),
('CKRY002', 'SKRT07', 2, '2020', 'JBTN02'),
('CKRY002', 'SKRT08', 1, '2020', 'JBTN02'),
('CKRY001', 'SKRT01', 3, '2021', 'JBTN05'),
('CKRY001', 'SKRT02', 1, '2021', 'JBTN05'),
('CKRY001', 'SKRT03', 2, '2021', 'JBTN05'),
('CKRY001', 'SKRT04', 1, '2021', 'JBTN05'),
('CKRY001', 'SKRT05', 1, '2021', 'JBTN05'),
('CKRY001', 'SKRT06', 3, '2021', 'JBTN05'),
('CKRY001', 'SKRT07', 1, '2021', 'JBTN05'),
('CKRY001', 'SKRT08', 1, '2021', 'JBTN05'),
('CKRY002', 'SKRT01', 2, '2021', 'JBTN05'),
('CKRY002', 'SKRT02', 2, '2021', 'JBTN05'),
('CKRY002', 'SKRT03', 0, '2021', 'JBTN05'),
('CKRY002', 'SKRT04', 1, '2021', 'JBTN05'),
('CKRY002', 'SKRT05', 1, '2021', 'JBTN05'),
('CKRY002', 'SKRT06', 4, '2021', 'JBTN05'),
('CKRY002', 'SKRT07', 1, '2021', 'JBTN05'),
('CKRY002', 'SKRT08', 1, '2021', 'JBTN05'),
('CKRY001', 'SKRT01', 3, '2021', 'JBTN06'),
('CKRY001', 'SKRT02', 3, '2021', 'JBTN06'),
('CKRY001', 'SKRT03', 0, '2021', 'JBTN06'),
('CKRY001', 'SKRT04', 1, '2021', 'JBTN06'),
('CKRY001', 'SKRT05', 1, '2021', 'JBTN06'),
('CKRY001', 'SKRT06', 4, '2021', 'JBTN06'),
('CKRY001', 'SKRT07', 1, '2021', 'JBTN06'),
('CKRY001', 'SKRT08', 1, '2021', 'JBTN06'),
('CKRY002', 'SKRT01', 2, '2021', 'JBTN06'),
('CKRY002', 'SKRT02', 1, '2021', 'JBTN06'),
('CKRY002', 'SKRT03', 2, '2021', 'JBTN06'),
('CKRY002', 'SKRT04', 1, '2021', 'JBTN06'),
('CKRY002', 'SKRT05', 1, '2021', 'JBTN06'),
('CKRY002', 'SKRT06', 3, '2021', 'JBTN06'),
('CKRY002', 'SKRT07', 1, '2021', 'JBTN06'),
('CKRY002', 'SKRT08', 1, '2021', 'JBTN06'),
('CKRY001', 'SKRT01', 3, '2021', 'JBTN04'),
('CKRY001', 'SKRT02', 3, '2021', 'JBTN04'),
('CKRY001', 'SKRT03', 0, '2021', 'JBTN04'),
('CKRY001', 'SKRT04', 1, '2021', 'JBTN04'),
('CKRY001', 'SKRT05', 1, '2021', 'JBTN04'),
('CKRY001', 'SKRT06', 3, '2021', 'JBTN04'),
('CKRY001', 'SKRT07', 1, '2021', 'JBTN04'),
('CKRY001', 'SKRT08', 1, '2021', 'JBTN04'),
('CKRY002', 'SKRT01', 2, '2021', 'JBTN04'),
('CKRY002', 'SKRT02', 2, '2021', 'JBTN04'),
('CKRY002', 'SKRT03', 0, '2021', 'JBTN04'),
('CKRY002', 'SKRT04', 1, '2021', 'JBTN04'),
('CKRY002', 'SKRT05', 1, '2021', 'JBTN04'),
('CKRY002', 'SKRT06', 5, '2021', 'JBTN04'),
('CKRY002', 'SKRT07', 1, '2021', 'JBTN04'),
('CKRY002', 'SKRT08', 1, '2021', 'JBTN04'),
('CKRY001', 'SKRT01', 1, '2021', 'JBTN07'),
('CKRY001', 'SKRT02', 1, '2021', 'JBTN07'),
('CKRY001', 'SKRT03', 0, '2021', 'JBTN07'),
('CKRY001', 'SKRT04', 1, '2021', 'JBTN07'),
('CKRY001', 'SKRT05', 1, '2021', 'JBTN07'),
('CKRY001', 'SKRT06', 3, '2021', 'JBTN07'),
('CKRY001', 'SKRT07', 1, '2021', 'JBTN07'),
('CKRY001', 'SKRT08', 1, '2021', 'JBTN07'),
('CKRY002', 'SKRT01', 1, '2021', 'JBTN07'),
('CKRY002', 'SKRT02', 1, '2021', 'JBTN07'),
('CKRY002', 'SKRT03', 0, '2021', 'JBTN07'),
('CKRY002', 'SKRT04', 1, '2021', 'JBTN07'),
('CKRY002', 'SKRT05', 1, '2021', 'JBTN07'),
('CKRY002', 'SKRT06', 4, '2021', 'JBTN07'),
('CKRY002', 'SKRT07', 1, '2021', 'JBTN07'),
('CKRY002', 'SKRT08', 1, '2021', 'JBTN07'),
('CKRY001', 'SKRT01', 3, '2021', 'JBTN08'),
('CKRY001', 'SKRT02', 2, '2021', 'JBTN08'),
('CKRY001', 'SKRT03', 0, '2021', 'JBTN08'),
('CKRY001', 'SKRT04', 1, '2021', 'JBTN08'),
('CKRY001', 'SKRT05', 1, '2021', 'JBTN08'),
('CKRY001', 'SKRT06', 3, '2021', 'JBTN08'),
('CKRY001', 'SKRT07', 1, '2021', 'JBTN08'),
('CKRY001', 'SKRT08', 1, '2021', 'JBTN08'),
('CKRY002', 'SKRT01', 2, '2021', 'JBTN08'),
('CKRY002', 'SKRT02', 3, '2021', 'JBTN08'),
('CKRY002', 'SKRT03', 0, '2021', 'JBTN08'),
('CKRY002', 'SKRT04', 1, '2021', 'JBTN08'),
('CKRY002', 'SKRT05', 1, '2021', 'JBTN08'),
('CKRY002', 'SKRT06', 4, '2021', 'JBTN08'),
('CKRY002', 'SKRT07', 1, '2021', 'JBTN08'),
('CKRY002', 'SKRT08', 1, '2021', 'JBTN08'),
('CKRY001', 'SKRT01', 3, '2021', 'JBTN09'),
('CKRY001', 'SKRT02', 1, '2021', 'JBTN09'),
('CKRY001', 'SKRT03', 0, '2021', 'JBTN09'),
('CKRY001', 'SKRT04', 1, '2021', 'JBTN09'),
('CKRY001', 'SKRT05', 1, '2021', 'JBTN09'),
('CKRY001', 'SKRT06', 4, '2021', 'JBTN09'),
('CKRY001', 'SKRT07', 1, '2021', 'JBTN09'),
('CKRY001', 'SKRT08', 1, '2021', 'JBTN09'),
('CKRY002', 'SKRT01', 1, '2021', 'JBTN09'),
('CKRY002', 'SKRT02', 3, '2021', 'JBTN09'),
('CKRY002', 'SKRT03', 2, '2021', 'JBTN09'),
('CKRY002', 'SKRT04', 1, '2021', 'JBTN09'),
('CKRY002', 'SKRT05', 1, '2021', 'JBTN09'),
('CKRY002', 'SKRT06', 1, '2021', 'JBTN09'),
('CKRY002', 'SKRT07', 1, '2021', 'JBTN09'),
('CKRY002', 'SKRT08', 1, '2021', 'JBTN09'),
('CKRY001', 'SKRT01', 3, '2021', 'JBTN07'),
('CKRY001', 'SKRT02', 1, '2021', 'JBTN07'),
('CKRY001', 'SKRT03', 2, '2021', 'JBTN07'),
('CKRY001', 'SKRT04', 1, '2021', 'JBTN07'),
('CKRY001', 'SKRT05', 1, '2021', 'JBTN07'),
('CKRY001', '', 3, '2021', 'JBTN07'),
('CKRY001', '', 1, '2021', 'JBTN07'),
('CKRY001', '', 1, '2021', 'JBTN07'),
('CKRY002', 'SKRT01', 2, '2021', 'JBTN07'),
('CKRY002', 'SKRT02', 3, '2021', 'JBTN07'),
('CKRY002', 'SKRT03', 0, '2021', 'JBTN07'),
('CKRY002', 'SKRT04', 1, '2021', 'JBTN07'),
('CKRY002', 'SKRT05', 1, '2021', 'JBTN07'),
('CKRY002', '', 4, '2021', 'JBTN07'),
('CKRY002', '', 1, '2021', 'JBTN07'),
('CKRY002', '', 1, '2021', 'JBTN07'),
('CKRY001', 'SKRT01', 3, '2021', 'JBTN01'),
('CKRY001', 'SKRT02', 1, '2021', 'JBTN01'),
('CKRY001', 'SKRT03', 1, '2021', 'JBTN01'),
('CKRY001', 'SKRT04', 1, '2021', 'JBTN01'),
('CKRY001', 'SKRT05', 1, '2021', 'JBTN01'),
('CKRY001', 'SKRT06', 1, '2021', 'JBTN01'),
('CKRY001', 'SKRT07', 1, '2021', 'JBTN01'),
('CKRY001', 'SKRT08', 1, '2021', 'JBTN01'),
('CKRY002', 'SKRT01', 3, '2021', 'JBTN01'),
('CKRY002', 'SKRT02', 1, '2021', 'JBTN01'),
('CKRY002', 'SKRT03', 1, '2021', 'JBTN01'),
('CKRY002', 'SKRT04', 1, '2021', 'JBTN01'),
('CKRY002', 'SKRT05', 1, '2021', 'JBTN01'),
('CKRY002', 'SKRT06', 1, '2021', 'JBTN01'),
('CKRY002', 'SKRT07', 1, '2021', 'JBTN01'),
('CKRY002', 'SKRT08', 1, '2021', 'JBTN01'),
('CKRY001', 'SKRT01', 2, '2021', 'JBTN02'),
('CKRY001', 'SKRT02', 1, '2021', 'JBTN02'),
('CKRY001', 'SKRT03', 0, '2021', 'JBTN02'),
('CKRY001', 'SKRT04', 1, '2021', 'JBTN02'),
('CKRY001', 'SKRT05', 1, '2021', 'JBTN02'),
('CKRY001', 'SKRT06', 3, '2021', 'JBTN02'),
('CKRY001', 'SKRT07', 1, '2021', 'JBTN02'),
('CKRY001', 'SKRT08', 1, '2021', 'JBTN02'),
('CKRY002', 'SKRT01', 3, '2021', 'JBTN02'),
('CKRY002', 'SKRT02', 2, '2021', 'JBTN02'),
('CKRY002', 'SKRT03', 2, '2021', 'JBTN02'),
('CKRY002', 'SKRT04', 1, '2021', 'JBTN02'),
('CKRY002', 'SKRT05', 1, '2021', 'JBTN02'),
('CKRY002', 'SKRT06', 2, '2021', 'JBTN02'),
('CKRY002', 'SKRT07', 1, '2021', 'JBTN02'),
('CKRY002', 'SKRT08', 1, '2021', 'JBTN02'),
('CKRY003', 'SKRT01', 3, '2021', 'JBTN02'),
('CKRY003', 'SKRT02', 3, '2021', 'JBTN02'),
('CKRY003', 'SKRT03', 0, '2021', 'JBTN02'),
('CKRY003', 'SKRT04', 1, '2021', 'JBTN02'),
('CKRY003', 'SKRT05', 1, '2021', 'JBTN02'),
('CKRY003', 'SKRT06', 1, '2021', 'JBTN02'),
('CKRY003', 'SKRT07', 1, '2021', 'JBTN02'),
('CKRY003', 'SKRT08', 1, '2021', 'JBTN02'),
('CKRY001', 'SKRT01', 2, '2021', 'JBTN03'),
('CKRY001', 'SKRT02', 3, '2021', 'JBTN03'),
('CKRY001', 'SKRT03', 2, '2021', 'JBTN03'),
('CKRY001', 'SKRT04', 1, '2021', 'JBTN03'),
('CKRY001', 'SKRT05', 1, '2021', 'JBTN03'),
('CKRY001', 'SKRT06', 4, '2021', 'JBTN03'),
('CKRY001', 'SKRT07', 1, '2021', 'JBTN03'),
('CKRY001', 'SKRT08', 1, '2021', 'JBTN03'),
('CKRY002', 'SKRT01', 3, '2021', 'JBTN03'),
('CKRY002', 'SKRT02', 1, '2021', 'JBTN03'),
('CKRY002', 'SKRT03', 1, '2021', 'JBTN03'),
('CKRY002', 'SKRT04', 1, '2021', 'JBTN03'),
('CKRY002', 'SKRT05', 1, '2021', 'JBTN03'),
('CKRY002', 'SKRT06', 4, '2021', 'JBTN03'),
('CKRY002', 'SKRT07', 1, '2021', 'JBTN03'),
('CKRY002', 'SKRT08', 1, '2021', 'JBTN03'),
('CKRY003', 'SKRT01', 2, '2021', 'JBTN03'),
('CKRY003', 'SKRT02', 2, '2021', 'JBTN03'),
('CKRY003', 'SKRT03', 2, '2021', 'JBTN03'),
('CKRY003', 'SKRT04', 1, '2021', 'JBTN03'),
('CKRY003', 'SKRT05', 1, '2021', 'JBTN03'),
('CKRY003', 'SKRT06', 4, '2021', 'JBTN03'),
('CKRY003', 'SKRT07', 1, '2021', 'JBTN03'),
('CKRY003', 'SKRT08', 1, '2021', 'JBTN03'),
('CKRY001', 'SKRT01', 2, '2021', 'JBTN03'),
('CKRY001', 'SKRT02', 3, '2021', 'JBTN03'),
('CKRY001', 'SKRT03', 0, '2021', 'JBTN03'),
('CKRY001', 'SKRT04', 1, '2021', 'JBTN03'),
('CKRY001', 'SKRT05', 1, '2021', 'JBTN03'),
('CKRY001', 'SKRT06', 4, '2021', 'JBTN03'),
('CKRY001', 'SKRT07', 1, '2021', 'JBTN03'),
('CKRY001', 'SKRT08', 1, '2021', 'JBTN03'),
('CKRY002', 'SKRT01', 3, '2021', 'JBTN03'),
('CKRY002', 'SKRT02', 1, '2021', 'JBTN03'),
('CKRY002', 'SKRT03', 0, '2021', 'JBTN03'),
('CKRY002', 'SKRT04', 1, '2021', 'JBTN03'),
('CKRY002', 'SKRT05', 1, '2021', 'JBTN03'),
('CKRY002', 'SKRT06', 4, '2021', 'JBTN03'),
('CKRY002', 'SKRT07', 1, '2021', 'JBTN03'),
('CKRY002', 'SKRT08', 1, '2021', 'JBTN03'),
('CKRY003', 'SKRT01', 2, '2021', 'JBTN03'),
('CKRY003', 'SKRT02', 2, '2021', 'JBTN03'),
('CKRY003', 'SKRT03', 0, '2021', 'JBTN03'),
('CKRY003', 'SKRT04', 1, '2021', 'JBTN03'),
('CKRY003', 'SKRT05', 1, '2021', 'JBTN03'),
('CKRY003', 'SKRT06', 4, '2021', 'JBTN03'),
('CKRY003', 'SKRT07', 1, '2021', 'JBTN03'),
('CKRY003', 'SKRT08', 1, '2021', 'JBTN03'),
('CKRY001', 'SKRT01', 3, '2021', 'JBTN01'),
('CKRY001', 'SKRT02', 1, '2021', 'JBTN01'),
('CKRY001', 'SKRT03', 0, '2021', 'JBTN01'),
('CKRY001', 'SKRT04', 1, '2021', 'JBTN01'),
('CKRY001', 'SKRT05', 1, '2021', 'JBTN01'),
('CKRY001', 'SKRT06', 4, '2021', 'JBTN01'),
('CKRY001', 'SKRT07', 1, '2021', 'JBTN01'),
('CKRY001', 'SKRT08', 1, '2021', 'JBTN01'),
('CKRY002', 'SKRT01', 1, '2021', 'JBTN01'),
('CKRY002', 'SKRT02', 1, '2021', 'JBTN01'),
('CKRY002', 'SKRT03', 0, '2021', 'JBTN01'),
('CKRY002', 'SKRT04', 1, '2021', 'JBTN01'),
('CKRY002', 'SKRT05', 1, '2021', 'JBTN01'),
('CKRY002', 'SKRT06', 4, '2021', 'JBTN01'),
('CKRY002', 'SKRT07', 1, '2021', 'JBTN01'),
('CKRY002', 'SKRT08', 1, '2021', 'JBTN01'),
('CKRY003', 'SKRT01', 2, '2021', 'JBTN01'),
('CKRY003', 'SKRT02', 3, '2021', 'JBTN01'),
('CKRY003', 'SKRT03', 0, '2021', 'JBTN01'),
('CKRY003', 'SKRT04', 1, '2021', 'JBTN01'),
('CKRY003', 'SKRT05', 1, '2021', 'JBTN01'),
('CKRY003', 'SKRT06', 4, '2021', 'JBTN01'),
('CKRY003', 'SKRT07', 1, '2021', 'JBTN01'),
('CKRY003', 'SKRT08', 1, '2021', 'JBTN01'),
('CKRY001', 'SKRT01', 3, '2021', 'JBTN01'),
('CKRY001', 'SKRT02', 1, '2021', 'JBTN01'),
('CKRY001', 'SKRT03', 0, '2021', 'JBTN01'),
('CKRY001', 'SKRT04', 1, '2021', 'JBTN01'),
('CKRY001', 'SKRT05', 1, '2021', 'JBTN01'),
('CKRY001', 'SKRT06', 4, '2021', 'JBTN01'),
('CKRY001', 'SKRT07', 1, '2021', 'JBTN01'),
('CKRY001', 'SKRT08', 1, '2021', 'JBTN01'),
('CKRY002', 'SKRT01', 1, '2021', 'JBTN01'),
('CKRY002', 'SKRT02', 1, '2021', 'JBTN01'),
('CKRY002', 'SKRT03', 0, '2021', 'JBTN01'),
('CKRY002', 'SKRT04', 1, '2021', 'JBTN01'),
('CKRY002', 'SKRT05', 1, '2021', 'JBTN01'),
('CKRY002', 'SKRT06', 4, '2021', 'JBTN01'),
('CKRY002', 'SKRT07', 1, '2021', 'JBTN01'),
('CKRY002', 'SKRT08', 1, '2021', 'JBTN01'),
('CKRY003', 'SKRT01', 2, '2021', 'JBTN01'),
('CKRY003', 'SKRT02', 3, '2021', 'JBTN01'),
('CKRY003', 'SKRT03', 0, '2021', 'JBTN01'),
('CKRY003', 'SKRT04', 1, '2021', 'JBTN01'),
('CKRY003', 'SKRT05', 1, '2021', 'JBTN01'),
('CKRY003', 'SKRT06', 4, '2021', 'JBTN01'),
('CKRY003', 'SKRT07', 1, '2021', 'JBTN01'),
('CKRY003', 'SKRT08', 1, '2021', 'JBTN01'),
('CKRY001', 'SKRT01', 3, '2021', 'JBTN01'),
('CKRY001', 'SKRT02', 1, '2021', 'JBTN01'),
('CKRY001', 'SKRT03', 0, '2021', 'JBTN01'),
('CKRY001', 'SKRT04', 1, '2021', 'JBTN01'),
('CKRY001', 'SKRT05', 1, '2021', 'JBTN01'),
('CKRY001', 'SKRT06', 4, '2021', 'JBTN01'),
('CKRY001', 'SKRT07', 1, '2021', 'JBTN01'),
('CKRY001', 'SKRT08', 1, '2021', 'JBTN01'),
('CKRY002', 'SKRT01', 1, '2021', 'JBTN01'),
('CKRY002', 'SKRT02', 1, '2021', 'JBTN01'),
('CKRY002', 'SKRT03', 0, '2021', 'JBTN01'),
('CKRY002', 'SKRT04', 1, '2021', 'JBTN01'),
('CKRY002', 'SKRT05', 1, '2021', 'JBTN01'),
('CKRY002', 'SKRT06', 4, '2021', 'JBTN01'),
('CKRY002', 'SKRT07', 1, '2021', 'JBTN01'),
('CKRY002', 'SKRT08', 1, '2021', 'JBTN01'),
('CKRY003', 'SKRT01', 2, '2021', 'JBTN01'),
('CKRY003', 'SKRT02', 3, '2021', 'JBTN01'),
('CKRY003', 'SKRT03', 0, '2021', 'JBTN01'),
('CKRY003', 'SKRT04', 1, '2021', 'JBTN01'),
('CKRY003', 'SKRT05', 1, '2021', 'JBTN01'),
('CKRY003', 'SKRT06', 4, '2021', 'JBTN01'),
('CKRY003', 'SKRT07', 1, '2021', 'JBTN01'),
('CKRY003', 'SKRT08', 1, '2021', 'JBTN01'),
('CKRY001', 'SKRT01', 3, '2021', 'JBTN01'),
('CKRY001', 'SKRT02', 1, '2021', 'JBTN01'),
('CKRY001', 'SKRT03', 0, '2021', 'JBTN01'),
('CKRY001', 'SKRT04', 1, '2021', 'JBTN01'),
('CKRY001', 'SKRT05', 1, '2021', 'JBTN01'),
('CKRY001', 'SKRT06', 4, '2021', 'JBTN01'),
('CKRY001', 'SKRT07', 1, '2021', 'JBTN01'),
('CKRY001', 'SKRT08', 1, '2021', 'JBTN01'),
('CKRY002', 'SKRT01', 1, '2021', 'JBTN01'),
('CKRY002', 'SKRT02', 1, '2021', 'JBTN01'),
('CKRY002', 'SKRT03', 0, '2021', 'JBTN01'),
('CKRY002', 'SKRT04', 1, '2021', 'JBTN01'),
('CKRY002', 'SKRT05', 1, '2021', 'JBTN01'),
('CKRY002', 'SKRT06', 4, '2021', 'JBTN01'),
('CKRY002', 'SKRT07', 1, '2021', 'JBTN01'),
('CKRY002', 'SKRT08', 1, '2021', 'JBTN01'),
('CKRY003', 'SKRT01', 2, '2021', 'JBTN01'),
('CKRY003', 'SKRT02', 3, '2021', 'JBTN01'),
('CKRY003', 'SKRT03', 0, '2021', 'JBTN01'),
('CKRY003', 'SKRT04', 1, '2021', 'JBTN01'),
('CKRY003', 'SKRT05', 1, '2021', 'JBTN01'),
('CKRY003', 'SKRT06', 4, '2021', 'JBTN01'),
('CKRY003', 'SKRT07', 1, '2021', 'JBTN01'),
('CKRY003', 'SKRT08', 1, '2021', 'JBTN01'),
('CKRY001', 'SKRT01', 3, '2021', 'JBTN01'),
('CKRY001', 'SKRT02', 1, '2021', 'JBTN01'),
('CKRY001', 'SKRT03', 0, '2021', 'JBTN01'),
('CKRY001', 'SKRT04', 1, '2021', 'JBTN01'),
('CKRY001', 'SKRT05', 1, '2021', 'JBTN01'),
('CKRY001', 'SKRT06', 4, '2021', 'JBTN01'),
('CKRY001', 'SKRT07', 1, '2021', 'JBTN01'),
('CKRY001', 'SKRT08', 1, '2021', 'JBTN01'),
('CKRY002', 'SKRT01', 1, '2021', 'JBTN01'),
('CKRY002', 'SKRT02', 1, '2021', 'JBTN01'),
('CKRY002', 'SKRT03', 0, '2021', 'JBTN01'),
('CKRY002', 'SKRT04', 1, '2021', 'JBTN01'),
('CKRY002', 'SKRT05', 1, '2021', 'JBTN01'),
('CKRY002', 'SKRT06', 4, '2021', 'JBTN01'),
('CKRY002', 'SKRT07', 1, '2021', 'JBTN01'),
('CKRY002', 'SKRT08', 1, '2021', 'JBTN01'),
('CKRY003', 'SKRT01', 2, '2021', 'JBTN01'),
('CKRY003', 'SKRT02', 3, '2021', 'JBTN01'),
('CKRY003', 'SKRT03', 0, '2021', 'JBTN01'),
('CKRY003', 'SKRT04', 1, '2021', 'JBTN01'),
('CKRY003', 'SKRT05', 1, '2021', 'JBTN01'),
('CKRY003', 'SKRT06', 4, '2021', 'JBTN01'),
('CKRY003', 'SKRT07', 1, '2021', 'JBTN01'),
('CKRY003', 'SKRT08', 1, '2021', 'JBTN01'),
('CKRY001', 'SKRT01', 3, '2021', 'JBTN01'),
('CKRY001', 'SKRT02', 1, '2021', 'JBTN01'),
('CKRY001', 'SKRT03', 0, '2021', 'JBTN01'),
('CKRY001', 'SKRT04', 1, '2021', 'JBTN01'),
('CKRY001', 'SKRT05', 1, '2021', 'JBTN01'),
('CKRY001', 'SKRT06', 4, '2021', 'JBTN01'),
('CKRY001', 'SKRT07', 1, '2021', 'JBTN01'),
('CKRY001', 'SKRT08', 1, '2021', 'JBTN01'),
('CKRY002', 'SKRT01', 1, '2021', 'JBTN01'),
('CKRY002', 'SKRT02', 1, '2021', 'JBTN01'),
('CKRY002', 'SKRT03', 0, '2021', 'JBTN01'),
('CKRY002', 'SKRT04', 1, '2021', 'JBTN01'),
('CKRY002', 'SKRT05', 1, '2021', 'JBTN01'),
('CKRY002', 'SKRT06', 4, '2021', 'JBTN01'),
('CKRY002', 'SKRT07', 1, '2021', 'JBTN01'),
('CKRY002', 'SKRT08', 1, '2021', 'JBTN01'),
('CKRY003', 'SKRT01', 2, '2021', 'JBTN01'),
('CKRY003', 'SKRT02', 3, '2021', 'JBTN01'),
('CKRY003', 'SKRT03', 0, '2021', 'JBTN01'),
('CKRY003', 'SKRT04', 1, '2021', 'JBTN01'),
('CKRY003', 'SKRT05', 1, '2021', 'JBTN01'),
('CKRY003', 'SKRT06', 4, '2021', 'JBTN01'),
('CKRY003', 'SKRT07', 1, '2021', 'JBTN01'),
('CKRY003', 'SKRT08', 1, '2021', 'JBTN01'),
('CKRY001', 'SKRT01', 3, '2021', 'JBTN01'),
('CKRY001', 'SKRT02', 1, '2021', 'JBTN01'),
('CKRY001', 'SKRT03', 0, '2021', 'JBTN01'),
('CKRY001', 'SKRT04', 1, '2021', 'JBTN01'),
('CKRY001', 'SKRT05', 1, '2021', 'JBTN01'),
('CKRY001', 'SKRT06', 4, '2021', 'JBTN01'),
('CKRY001', 'SKRT07', 1, '2021', 'JBTN01'),
('CKRY001', 'SKRT08', 1, '2021', 'JBTN01'),
('CKRY002', 'SKRT01', 1, '2021', 'JBTN01'),
('CKRY002', 'SKRT02', 1, '2021', 'JBTN01'),
('CKRY002', 'SKRT03', 0, '2021', 'JBTN01'),
('CKRY002', 'SKRT04', 1, '2021', 'JBTN01'),
('CKRY002', 'SKRT05', 1, '2021', 'JBTN01'),
('CKRY002', 'SKRT06', 4, '2021', 'JBTN01'),
('CKRY002', 'SKRT07', 1, '2021', 'JBTN01'),
('CKRY002', 'SKRT08', 1, '2021', 'JBTN01'),
('CKRY003', 'SKRT01', 2, '2021', 'JBTN01'),
('CKRY003', 'SKRT02', 3, '2021', 'JBTN01'),
('CKRY003', 'SKRT03', 0, '2021', 'JBTN01'),
('CKRY003', 'SKRT04', 1, '2021', 'JBTN01'),
('CKRY003', 'SKRT05', 1, '2021', 'JBTN01'),
('CKRY003', 'SKRT06', 4, '2021', 'JBTN01'),
('CKRY003', 'SKRT07', 1, '2021', 'JBTN01'),
('CKRY003', 'SKRT08', 1, '2021', 'JBTN01'),
('CKRY001', 'SKRT01', 3, '2021', 'JBTN01'),
('CKRY001', 'SKRT02', 1, '2021', 'JBTN01'),
('CKRY001', 'SKRT03', 0, '2021', 'JBTN01'),
('CKRY001', 'SKRT04', 1, '2021', 'JBTN01'),
('CKRY001', 'SKRT05', 1, '2021', 'JBTN01'),
('CKRY001', 'SKRT06', 4, '2021', 'JBTN01'),
('CKRY001', 'SKRT07', 1, '2021', 'JBTN01'),
('CKRY001', 'SKRT08', 1, '2021', 'JBTN01'),
('CKRY002', 'SKRT01', 1, '2021', 'JBTN01'),
('CKRY002', 'SKRT02', 1, '2021', 'JBTN01'),
('CKRY002', 'SKRT03', 0, '2021', 'JBTN01'),
('CKRY002', 'SKRT04', 1, '2021', 'JBTN01'),
('CKRY002', 'SKRT05', 1, '2021', 'JBTN01'),
('CKRY002', 'SKRT06', 4, '2021', 'JBTN01'),
('CKRY002', 'SKRT07', 1, '2021', 'JBTN01'),
('CKRY002', 'SKRT08', 1, '2021', 'JBTN01'),
('CKRY003', 'SKRT01', 2, '2021', 'JBTN01'),
('CKRY003', 'SKRT02', 3, '2021', 'JBTN01'),
('CKRY003', 'SKRT03', 0, '2021', 'JBTN01'),
('CKRY003', 'SKRT04', 1, '2021', 'JBTN01'),
('CKRY003', 'SKRT05', 1, '2021', 'JBTN01'),
('CKRY003', 'SKRT06', 4, '2021', 'JBTN01'),
('CKRY003', 'SKRT07', 1, '2021', 'JBTN01'),
('CKRY003', 'SKRT08', 1, '2021', 'JBTN01'),
('CKRY001', 'SKRT01', 3, '2021', 'JBTN01'),
('CKRY001', 'SKRT02', 2, '2021', 'JBTN01'),
('CKRY001', 'SKRT03', 0, '2021', 'JBTN01'),
('CKRY001', 'SKRT04', 1, '2021', 'JBTN01'),
('CKRY001', 'SKRT05', 1, '2021', 'JBTN01'),
('CKRY001', 'SKRT06', 4, '2021', 'JBTN01'),
('CKRY001', 'SKRT07', 1, '2021', 'JBTN01'),
('CKRY001', 'SKRT08', 1, '2021', 'JBTN01'),
('CKRY002', 'SKRT01', 2, '2021', 'JBTN01'),
('CKRY002', 'SKRT02', 2, '2021', 'JBTN01'),
('CKRY002', 'SKRT03', 2, '2021', 'JBTN01'),
('CKRY002', 'SKRT04', 1, '2021', 'JBTN01'),
('CKRY002', 'SKRT05', 1, '2021', 'JBTN01'),
('CKRY002', 'SKRT06', 4, '2021', 'JBTN01'),
('CKRY002', 'SKRT07', 1, '2021', 'JBTN01'),
('CKRY002', 'SKRT08', 1, '2021', 'JBTN01'),
('CKRY003', 'SKRT01', 1, '2021', 'JBTN01'),
('CKRY003', 'SKRT02', 3, '2021', 'JBTN01'),
('CKRY003', 'SKRT03', 2, '2021', 'JBTN01'),
('CKRY003', 'SKRT04', 1, '2021', 'JBTN01'),
('CKRY003', 'SKRT05', 1, '2021', 'JBTN01'),
('CKRY003', 'SKRT06', 4, '2021', 'JBTN01'),
('CKRY003', 'SKRT07', 1, '2021', 'JBTN01'),
('CKRY003', 'SKRT08', 1, '2021', 'JBTN01'),
('CKRY001', 'SKRT01', 3, '2021', 'JBTN01'),
('CKRY001', 'SKRT02', 2, '2021', 'JBTN01'),
('CKRY001', 'SKRT03', 0, '2021', 'JBTN01'),
('CKRY001', 'SKRT04', 1, '2021', 'JBTN01'),
('CKRY001', 'SKRT05', 1, '2021', 'JBTN01'),
('CKRY001', 'SKRT06', 4, '2021', 'JBTN01'),
('CKRY001', 'SKRT07', 1, '2021', 'JBTN01'),
('CKRY001', 'SKRT08', 1, '2021', 'JBTN01'),
('CKRY002', 'SKRT01', 2, '2021', 'JBTN01'),
('CKRY002', 'SKRT02', 2, '2021', 'JBTN01'),
('CKRY002', 'SKRT03', 2, '2021', 'JBTN01'),
('CKRY002', 'SKRT04', 1, '2021', 'JBTN01'),
('CKRY002', 'SKRT05', 1, '2021', 'JBTN01'),
('CKRY002', 'SKRT06', 4, '2021', 'JBTN01'),
('CKRY002', 'SKRT07', 1, '2021', 'JBTN01'),
('CKRY002', 'SKRT08', 1, '2021', 'JBTN01'),
('CKRY003', 'SKRT01', 1, '2021', 'JBTN01'),
('CKRY003', 'SKRT02', 3, '2021', 'JBTN01'),
('CKRY003', 'SKRT03', 2, '2021', 'JBTN01'),
('CKRY003', 'SKRT04', 1, '2021', 'JBTN01'),
('CKRY003', 'SKRT05', 1, '2021', 'JBTN01'),
('CKRY003', 'SKRT06', 4, '2021', 'JBTN01'),
('CKRY003', 'SKRT07', 1, '2021', 'JBTN01'),
('CKRY003', 'SKRT08', 1, '2021', 'JBTN01'),
('CKRY001', 'SKRT01', 3, '2021', 'JBTN01'),
('CKRY001', 'SKRT02', 2, '2021', 'JBTN01'),
('CKRY001', 'SKRT03', 0, '2021', 'JBTN01'),
('CKRY001', 'SKRT04', 1, '2021', 'JBTN01'),
('CKRY001', 'SKRT05', 1, '2021', 'JBTN01'),
('CKRY001', 'SKRT06', 4, '2021', 'JBTN01'),
('CKRY001', 'SKRT07', 1, '2021', 'JBTN01'),
('CKRY001', 'SKRT08', 1, '2021', 'JBTN01'),
('CKRY002', 'SKRT01', 2, '2021', 'JBTN01'),
('CKRY002', 'SKRT02', 2, '2021', 'JBTN01'),
('CKRY002', 'SKRT03', 2, '2021', 'JBTN01'),
('CKRY002', 'SKRT04', 1, '2021', 'JBTN01'),
('CKRY002', 'SKRT05', 1, '2021', 'JBTN01'),
('CKRY002', 'SKRT06', 4, '2021', 'JBTN01'),
('CKRY002', 'SKRT07', 1, '2021', 'JBTN01'),
('CKRY002', 'SKRT08', 1, '2021', 'JBTN01'),
('CKRY003', 'SKRT01', 1, '2021', 'JBTN01'),
('CKRY003', 'SKRT02', 3, '2021', 'JBTN01'),
('CKRY003', 'SKRT03', 2, '2021', 'JBTN01'),
('CKRY003', 'SKRT04', 1, '2021', 'JBTN01'),
('CKRY003', 'SKRT05', 1, '2021', 'JBTN01'),
('CKRY003', 'SKRT06', 4, '2021', 'JBTN01'),
('CKRY003', 'SKRT07', 1, '2021', 'JBTN01'),
('CKRY003', 'SKRT08', 1, '2021', 'JBTN01'),
('CKRY001', 'SKRT01', 3, '2021', 'JBTN01'),
('CKRY001', 'SKRT02', 2, '2021', 'JBTN01'),
('CKRY001', 'SKRT03', 0, '2021', 'JBTN01'),
('CKRY001', 'SKRT04', 1, '2021', 'JBTN01'),
('CKRY001', 'SKRT05', 1, '2021', 'JBTN01'),
('CKRY001', 'SKRT06', 4, '2021', 'JBTN01'),
('CKRY001', 'SKRT07', 1, '2021', 'JBTN01'),
('CKRY001', 'SKRT08', 1, '2021', 'JBTN01'),
('CKRY002', 'SKRT01', 2, '2021', 'JBTN01'),
('CKRY002', 'SKRT02', 2, '2021', 'JBTN01'),
('CKRY002', 'SKRT03', 2, '2021', 'JBTN01'),
('CKRY002', 'SKRT04', 1, '2021', 'JBTN01'),
('CKRY002', 'SKRT05', 1, '2021', 'JBTN01'),
('CKRY002', 'SKRT06', 4, '2021', 'JBTN01'),
('CKRY002', 'SKRT07', 1, '2021', 'JBTN01'),
('CKRY002', 'SKRT08', 1, '2021', 'JBTN01'),
('CKRY003', 'SKRT01', 1, '2021', 'JBTN01'),
('CKRY003', 'SKRT02', 3, '2021', 'JBTN01'),
('CKRY003', 'SKRT03', 2, '2021', 'JBTN01'),
('CKRY003', 'SKRT04', 1, '2021', 'JBTN01'),
('CKRY003', 'SKRT05', 1, '2021', 'JBTN01'),
('CKRY003', 'SKRT06', 4, '2021', 'JBTN01'),
('CKRY003', 'SKRT07', 1, '2021', 'JBTN01'),
('CKRY003', 'SKRT08', 1, '2021', 'JBTN01'),
('CKRY001', 'SKRT01', 3, '2021', 'JBTN01'),
('CKRY001', 'SKRT02', 2, '2021', 'JBTN01'),
('CKRY001', 'SKRT03', 0, '2021', 'JBTN01'),
('CKRY001', 'SKRT04', 1, '2021', 'JBTN01'),
('CKRY001', 'SKRT05', 1, '2021', 'JBTN01'),
('CKRY001', 'SKRT06', 4, '2021', 'JBTN01'),
('CKRY001', 'SKRT07', 1, '2021', 'JBTN01'),
('CKRY001', 'SKRT08', 1, '2021', 'JBTN01'),
('CKRY002', 'SKRT01', 2, '2021', 'JBTN01'),
('CKRY002', 'SKRT02', 2, '2021', 'JBTN01'),
('CKRY002', 'SKRT03', 2, '2021', 'JBTN01'),
('CKRY002', 'SKRT04', 1, '2021', 'JBTN01'),
('CKRY002', 'SKRT05', 1, '2021', 'JBTN01'),
('CKRY002', 'SKRT06', 4, '2021', 'JBTN01'),
('CKRY002', 'SKRT07', 1, '2021', 'JBTN01'),
('CKRY002', 'SKRT08', 1, '2021', 'JBTN01'),
('CKRY003', 'SKRT01', 1, '2021', 'JBTN01'),
('CKRY003', 'SKRT02', 3, '2021', 'JBTN01'),
('CKRY003', 'SKRT03', 2, '2021', 'JBTN01'),
('CKRY003', 'SKRT04', 1, '2021', 'JBTN01'),
('CKRY003', 'SKRT05', 1, '2021', 'JBTN01'),
('CKRY003', 'SKRT06', 4, '2021', 'JBTN01'),
('CKRY003', 'SKRT07', 1, '2021', 'JBTN01'),
('CKRY003', 'SKRT08', 1, '2021', 'JBTN01'),
('CKRY001', 'SKRT01', 3, '2021', 'JBTN01'),
('CKRY001', 'SKRT02', 2, '2021', 'JBTN01'),
('CKRY001', 'SKRT03', 0, '2021', 'JBTN01'),
('CKRY001', 'SKRT04', 1, '2021', 'JBTN01'),
('CKRY001', 'SKRT05', 1, '2021', 'JBTN01'),
('CKRY001', 'SKRT06', 4, '2021', 'JBTN01'),
('CKRY001', 'SKRT07', 1, '2021', 'JBTN01'),
('CKRY001', 'SKRT08', 1, '2021', 'JBTN01'),
('CKRY002', 'SKRT01', 2, '2021', 'JBTN01'),
('CKRY002', 'SKRT02', 2, '2021', 'JBTN01'),
('CKRY002', 'SKRT03', 2, '2021', 'JBTN01'),
('CKRY002', 'SKRT04', 1, '2021', 'JBTN01'),
('CKRY002', 'SKRT05', 1, '2021', 'JBTN01'),
('CKRY002', 'SKRT06', 4, '2021', 'JBTN01'),
('CKRY002', 'SKRT07', 1, '2021', 'JBTN01'),
('CKRY002', 'SKRT08', 1, '2021', 'JBTN01'),
('CKRY003', 'SKRT01', 1, '2021', 'JBTN01'),
('CKRY003', 'SKRT02', 3, '2021', 'JBTN01'),
('CKRY003', 'SKRT03', 2, '2021', 'JBTN01'),
('CKRY003', 'SKRT04', 1, '2021', 'JBTN01'),
('CKRY003', 'SKRT05', 1, '2021', 'JBTN01'),
('CKRY003', 'SKRT06', 4, '2021', 'JBTN01'),
('CKRY003', 'SKRT07', 1, '2021', 'JBTN01'),
('CKRY003', 'SKRT08', 1, '2021', 'JBTN01'),
('CKRY001', 'SKRT01', 3, '2021', 'JBTN01'),
('CKRY001', 'SKRT02', 2, '2021', 'JBTN01'),
('CKRY001', 'SKRT03', 0, '2021', 'JBTN01'),
('CKRY001', 'SKRT04', 1, '2021', 'JBTN01'),
('CKRY001', 'SKRT05', 1, '2021', 'JBTN01'),
('CKRY001', 'SKRT06', 4, '2021', 'JBTN01'),
('CKRY001', 'SKRT07', 1, '2021', 'JBTN01'),
('CKRY001', 'SKRT08', 1, '2021', 'JBTN01'),
('CKRY002', 'SKRT01', 2, '2021', 'JBTN01'),
('CKRY002', 'SKRT02', 2, '2021', 'JBTN01'),
('CKRY002', 'SKRT03', 2, '2021', 'JBTN01'),
('CKRY002', 'SKRT04', 1, '2021', 'JBTN01'),
('CKRY002', 'SKRT05', 1, '2021', 'JBTN01'),
('CKRY002', 'SKRT06', 4, '2021', 'JBTN01'),
('CKRY002', 'SKRT07', 1, '2021', 'JBTN01'),
('CKRY002', 'SKRT08', 1, '2021', 'JBTN01'),
('CKRY003', 'SKRT01', 1, '2021', 'JBTN01'),
('CKRY003', 'SKRT02', 3, '2021', 'JBTN01'),
('CKRY003', 'SKRT03', 2, '2021', 'JBTN01'),
('CKRY003', 'SKRT04', 1, '2021', 'JBTN01'),
('CKRY003', 'SKRT05', 1, '2021', 'JBTN01'),
('CKRY003', 'SKRT06', 4, '2021', 'JBTN01'),
('CKRY003', 'SKRT07', 1, '2021', 'JBTN01'),
('CKRY003', 'SKRT08', 1, '2021', 'JBTN01'),
('CKRY001', 'SKRT01', 3, '2021', 'JBTN01'),
('CKRY001', 'SKRT02', 2, '2021', 'JBTN01'),
('CKRY001', 'SKRT03', 0, '2021', 'JBTN01'),
('CKRY001', 'SKRT04', 1, '2021', 'JBTN01'),
('CKRY001', 'SKRT05', 1, '2021', 'JBTN01'),
('CKRY001', 'SKRT06', 4, '2021', 'JBTN01'),
('CKRY001', 'SKRT07', 1, '2021', 'JBTN01'),
('CKRY001', 'SKRT08', 1, '2021', 'JBTN01'),
('CKRY002', 'SKRT01', 2, '2021', 'JBTN01'),
('CKRY002', 'SKRT02', 2, '2021', 'JBTN01'),
('CKRY002', 'SKRT03', 2, '2021', 'JBTN01'),
('CKRY002', 'SKRT04', 1, '2021', 'JBTN01'),
('CKRY002', 'SKRT05', 1, '2021', 'JBTN01'),
('CKRY002', 'SKRT06', 4, '2021', 'JBTN01'),
('CKRY002', 'SKRT07', 1, '2021', 'JBTN01'),
('CKRY002', 'SKRT08', 1, '2021', 'JBTN01'),
('CKRY003', 'SKRT01', 1, '2021', 'JBTN01'),
('CKRY003', 'SKRT02', 3, '2021', 'JBTN01'),
('CKRY003', 'SKRT03', 2, '2021', 'JBTN01'),
('CKRY003', 'SKRT04', 1, '2021', 'JBTN01'),
('CKRY003', 'SKRT05', 1, '2021', 'JBTN01'),
('CKRY003', 'SKRT06', 4, '2021', 'JBTN01'),
('CKRY003', 'SKRT07', 1, '2021', 'JBTN01'),
('CKRY003', 'SKRT08', 1, '2021', 'JBTN01'),
('CKRY001', 'SKRT01', 3, '2021', 'JBTN01'),
('CKRY001', 'SKRT02', 1, '2021', 'JBTN01'),
('CKRY001', 'SKRT03', 1, '2021', 'JBTN01'),
('CKRY001', 'SKRT04', 1, '2021', 'JBTN01'),
('CKRY001', 'SKRT05', 1, '2021', 'JBTN01'),
('CKRY001', 'SKRT06', 1, '2021', 'JBTN01'),
('CKRY001', 'SKRT07', 1, '2021', 'JBTN01'),
('CKRY001', 'SKRT08', 1, '2021', 'JBTN01'),
('CKRY002', 'SKRT01', 3, '2021', 'JBTN01'),
('CKRY002', 'SKRT02', 1, '2021', 'JBTN01'),
('CKRY002', 'SKRT03', 1, '2021', 'JBTN01'),
('CKRY002', 'SKRT04', 1, '2021', 'JBTN01'),
('CKRY002', 'SKRT05', 1, '2021', 'JBTN01'),
('CKRY002', 'SKRT06', 1, '2021', 'JBTN01'),
('CKRY002', 'SKRT07', 1, '2021', 'JBTN01'),
('CKRY002', 'SKRT08', 1, '2021', 'JBTN01'),
('CKRY003', 'SKRT01', 3, '2021', 'JBTN01'),
('CKRY003', 'SKRT02', 1, '2021', 'JBTN01'),
('CKRY003', 'SKRT03', 1, '2021', 'JBTN01'),
('CKRY003', 'SKRT04', 1, '2021', 'JBTN01'),
('CKRY003', 'SKRT05', 1, '2021', 'JBTN01'),
('CKRY003', 'SKRT06', 1, '2021', 'JBTN01'),
('CKRY003', 'SKRT07', 1, '2021', 'JBTN01'),
('CKRY003', 'SKRT08', 1, '2021', 'JBTN01'),
('CKRY001', 'SKRT01', 3, '2021', 'JBTN01'),
('CKRY001', 'SKRT02', 1, '2021', 'JBTN01'),
('CKRY001', 'SKRT03', 1, '2021', 'JBTN01'),
('CKRY001', 'SKRT04', 1, '2021', 'JBTN01'),
('CKRY001', 'SKRT05', 1, '2021', 'JBTN01'),
('CKRY001', 'SKRT06', 1, '2021', 'JBTN01'),
('CKRY001', 'SKRT07', 1, '2021', 'JBTN01'),
('CKRY001', 'SKRT08', 1, '2021', 'JBTN01'),
('CKRY002', 'SKRT01', 3, '2021', 'JBTN01'),
('CKRY002', 'SKRT02', 1, '2021', 'JBTN01'),
('CKRY002', 'SKRT03', 1, '2021', 'JBTN01'),
('CKRY002', 'SKRT04', 1, '2021', 'JBTN01'),
('CKRY002', 'SKRT05', 1, '2021', 'JBTN01'),
('CKRY002', 'SKRT06', 1, '2021', 'JBTN01'),
('CKRY002', 'SKRT07', 1, '2021', 'JBTN01'),
('CKRY002', 'SKRT08', 1, '2021', 'JBTN01'),
('CKRY003', 'SKRT01', 3, '2021', 'JBTN01'),
('CKRY003', 'SKRT02', 1, '2021', 'JBTN01'),
('CKRY003', 'SKRT03', 1, '2021', 'JBTN01'),
('CKRY003', 'SKRT04', 1, '2021', 'JBTN01'),
('CKRY003', 'SKRT05', 1, '2021', 'JBTN01'),
('CKRY003', 'SKRT06', 1, '2021', 'JBTN01'),
('CKRY003', 'SKRT07', 1, '2021', 'JBTN01'),
('CKRY003', 'SKRT08', 1, '2021', 'JBTN01'),
('CKRY001', 'SKRT01', 3, '2021', 'JBTN01'),
('CKRY001', 'SKRT02', 1, '2021', 'JBTN01'),
('CKRY001', 'SKRT03', 1, '2021', 'JBTN01'),
('CKRY001', 'SKRT04', 1, '2021', 'JBTN01'),
('CKRY001', 'SKRT05', 1, '2021', 'JBTN01'),
('CKRY001', 'SKRT06', 1, '2021', 'JBTN01'),
('CKRY001', 'SKRT07', 1, '2021', 'JBTN01'),
('CKRY001', 'SKRT08', 1, '2021', 'JBTN01'),
('CKRY002', 'SKRT01', 3, '2021', 'JBTN01'),
('CKRY002', 'SKRT02', 1, '2021', 'JBTN01'),
('CKRY002', 'SKRT03', 1, '2021', 'JBTN01'),
('CKRY002', 'SKRT04', 1, '2021', 'JBTN01'),
('CKRY002', 'SKRT05', 1, '2021', 'JBTN01'),
('CKRY002', 'SKRT06', 1, '2021', 'JBTN01'),
('CKRY002', 'SKRT07', 1, '2021', 'JBTN01'),
('CKRY002', 'SKRT08', 1, '2021', 'JBTN01'),
('CKRY003', 'SKRT01', 3, '2021', 'JBTN01'),
('CKRY003', 'SKRT02', 1, '2021', 'JBTN01'),
('CKRY003', 'SKRT03', 1, '2021', 'JBTN01'),
('CKRY003', 'SKRT04', 1, '2021', 'JBTN01'),
('CKRY003', 'SKRT05', 1, '2021', 'JBTN01'),
('CKRY003', 'SKRT06', 1, '2021', 'JBTN01'),
('CKRY003', 'SKRT07', 1, '2021', 'JBTN01'),
('CKRY003', 'SKRT08', 1, '2021', 'JBTN01'),
('CKRY001', 'SKRT01', 3, '2021', 'JBTN01'),
('CKRY001', 'SKRT02', 3, '2021', 'JBTN01'),
('CKRY001', 'SKRT03', 0, '2021', 'JBTN01'),
('CKRY001', 'SKRT04', 1, '2021', 'JBTN01'),
('CKRY001', 'SKRT05', 1, '2021', 'JBTN01'),
('CKRY001', 'SKRT06', 4, '2021', 'JBTN01'),
('CKRY001', 'SKRT07', 1, '2021', 'JBTN01'),
('CKRY001', 'SKRT08', 1, '2021', 'JBTN01'),
('CKRY002', 'SKRT01', 2, '2021', 'JBTN01'),
('CKRY002', 'SKRT02', 2, '2021', 'JBTN01'),
('CKRY002', 'SKRT03', 0, '2021', 'JBTN01'),
('CKRY002', 'SKRT04', 1, '2021', 'JBTN01'),
('CKRY002', 'SKRT05', 1, '2021', 'JBTN01'),
('CKRY002', 'SKRT06', 3, '2021', 'JBTN01'),
('CKRY002', 'SKRT07', 1, '2021', 'JBTN01'),
('CKRY002', 'SKRT08', 1, '2021', 'JBTN01'),
('CKRY003', 'SKRT01', 3, '2021', 'JBTN01'),
('CKRY003', 'SKRT02', 1, '2021', 'JBTN01'),
('CKRY003', 'SKRT03', 0, '2021', 'JBTN01'),
('CKRY003', 'SKRT04', 1, '2021', 'JBTN01'),
('CKRY003', 'SKRT05', 1, '2021', 'JBTN01'),
('CKRY003', 'SKRT06', 4, '2021', 'JBTN01'),
('CKRY003', 'SKRT07', 1, '2021', 'JBTN01'),
('CKRY003', 'SKRT08', 1, '2021', 'JBTN01'),
('CKRY001', 'SKRT01', 3, '2021', 'JBTN01'),
('CKRY001', 'SKRT02', 1, '2021', 'JBTN01'),
('CKRY001', 'SKRT03', 1, '2021', 'JBTN01'),
('CKRY001', 'SKRT04', 1, '2021', 'JBTN01'),
('CKRY001', 'SKRT05', 1, '2021', 'JBTN01'),
('CKRY001', 'SKRT06', 1, '2021', 'JBTN01'),
('CKRY001', 'SKRT07', 1, '2021', 'JBTN01'),
('CKRY001', 'SKRT08', 1, '2021', 'JBTN01'),
('CKRY002', 'SKRT01', 3, '2021', 'JBTN01'),
('CKRY002', 'SKRT02', 1, '2021', 'JBTN01'),
('CKRY002', 'SKRT03', 1, '2021', 'JBTN01'),
('CKRY002', 'SKRT04', 1, '2021', 'JBTN01'),
('CKRY002', 'SKRT05', 1, '2021', 'JBTN01'),
('CKRY002', 'SKRT06', 1, '2021', 'JBTN01'),
('CKRY002', 'SKRT07', 1, '2021', 'JBTN01'),
('CKRY002', 'SKRT08', 1, '2021', 'JBTN01'),
('CKRY003', 'SKRT01', 3, '2021', 'JBTN01'),
('CKRY003', 'SKRT02', 1, '2021', 'JBTN01'),
('CKRY003', 'SKRT03', 1, '2021', 'JBTN01'),
('CKRY003', 'SKRT04', 1, '2021', 'JBTN01'),
('CKRY003', 'SKRT05', 1, '2021', 'JBTN01'),
('CKRY003', 'SKRT06', 1, '2021', 'JBTN01'),
('CKRY003', 'SKRT07', 1, '2021', 'JBTN01'),
('CKRY003', 'SKRT08', 1, '2021', 'JBTN01'),
('CKRY001', 'SKRT01', 3, '2021', 'JBTN01'),
('CKRY001', 'SKRT02', 1, '2021', 'JBTN01'),
('CKRY001', 'SKRT03', 1, '2021', 'JBTN01'),
('CKRY001', 'SKRT04', 1, '2021', 'JBTN01'),
('CKRY001', 'SKRT05', 1, '2021', 'JBTN01'),
('CKRY001', 'SKRT06', 1, '2021', 'JBTN01'),
('CKRY001', 'SKRT07', 1, '2021', 'JBTN01'),
('CKRY001', 'SKRT08', 1, '2021', 'JBTN01'),
('CKRY002', 'SKRT01', 3, '2021', 'JBTN01'),
('CKRY002', 'SKRT02', 1, '2021', 'JBTN01'),
('CKRY002', 'SKRT03', 1, '2021', 'JBTN01'),
('CKRY002', 'SKRT04', 1, '2021', 'JBTN01'),
('CKRY002', 'SKRT05', 1, '2021', 'JBTN01'),
('CKRY002', 'SKRT06', 1, '2021', 'JBTN01'),
('CKRY002', 'SKRT07', 1, '2021', 'JBTN01'),
('CKRY002', 'SKRT08', 1, '2021', 'JBTN01'),
('CKRY003', 'SKRT01', 3, '2021', 'JBTN01'),
('CKRY003', 'SKRT02', 1, '2021', 'JBTN01'),
('CKRY003', 'SKRT03', 1, '2021', 'JBTN01'),
('CKRY003', 'SKRT04', 1, '2021', 'JBTN01'),
('CKRY003', 'SKRT05', 1, '2021', 'JBTN01'),
('CKRY003', 'SKRT06', 1, '2021', 'JBTN01'),
('CKRY003', 'SKRT07', 1, '2021', 'JBTN01'),
('CKRY003', 'SKRT08', 1, '2021', 'JBTN01'),
('CKRY001', 'SKRT01', 3, '2021', 'JBTN01'),
('CKRY001', 'SKRT02', 1, '2021', 'JBTN01'),
('CKRY001', 'SKRT03', 1, '2021', 'JBTN01'),
('CKRY001', 'SKRT04', 1, '2021', 'JBTN01'),
('CKRY001', 'SKRT05', 1, '2021', 'JBTN01'),
('CKRY001', 'SKRT06', 1, '2021', 'JBTN01'),
('CKRY001', 'SKRT07', 1, '2021', 'JBTN01'),
('CKRY001', 'SKRT08', 1, '2021', 'JBTN01'),
('CKRY002', 'SKRT01', 3, '2021', 'JBTN01'),
('CKRY002', 'SKRT02', 1, '2021', 'JBTN01'),
('CKRY002', 'SKRT03', 1, '2021', 'JBTN01'),
('CKRY002', 'SKRT04', 1, '2021', 'JBTN01'),
('CKRY002', 'SKRT05', 1, '2021', 'JBTN01'),
('CKRY002', 'SKRT06', 1, '2021', 'JBTN01'),
('CKRY002', 'SKRT07', 1, '2021', 'JBTN01'),
('CKRY002', 'SKRT08', 1, '2021', 'JBTN01'),
('CKRY003', 'SKRT01', 3, '2021', 'JBTN01'),
('CKRY003', 'SKRT02', 1, '2021', 'JBTN01'),
('CKRY003', 'SKRT03', 1, '2021', 'JBTN01'),
('CKRY003', 'SKRT04', 1, '2021', 'JBTN01'),
('CKRY003', 'SKRT05', 1, '2021', 'JBTN01'),
('CKRY003', 'SKRT06', 1, '2021', 'JBTN01'),
('CKRY003', 'SKRT07', 1, '2021', 'JBTN01'),
('CKRY003', 'SKRT08', 1, '2021', 'JBTN01');

-- --------------------------------------------------------

--
-- Struktur dari tabel `subkriteria`
--

CREATE TABLE IF NOT EXISTS `subkriteria` (
  `id_subkriteria` varchar(7) NOT NULL DEFAULT '',
  `id_kriteria` varchar(6) DEFAULT '',
  `nm_subkriteria` varchar(50) DEFAULT NULL
) ENGINE=InnoDB DEFAULT CHARSET=latin1;

--
-- Dumping data untuk tabel `subkriteria`
--

INSERT INTO `subkriteria` (`id_subkriteria`, `id_kriteria`, `nm_subkriteria`) VALUES
('SKRT01', 'KRIT01', 'Usia'),
('SKRT02', 'KRIT01', 'Pendidikan'),
('SKRT03', 'KRIT01', 'Pengalaman'),
('SKRT04', 'KRIT02', 'Interview User'),
('SKRT05', 'KRIT02', 'Skill Test'),
('SKRT06', 'KRIT03', 'Test Koran'),
('SKRT07', 'KRIT03', 'Tes Warteg'),
('SKRT08', 'KRIT03', 'Tes Aritmatika');

-- --------------------------------------------------------

--
-- Struktur dari tabel `target`
--

CREATE TABLE IF NOT EXISTS `target` (
  `id_jabatan` varchar(6) NOT NULL DEFAULT '',
  `id_subkriteria` varchar(7) NOT NULL DEFAULT '',
  `periode` varchar(4) NOT NULL DEFAULT '',
  `target` int(1) DEFAULT NULL,
  `status` varchar(10) DEFAULT NULL
) ENGINE=InnoDB DEFAULT CHARSET=latin1;

--
-- Dumping data untuk tabel `target`
--

INSERT INTO `target` (`id_jabatan`, `id_subkriteria`, `periode`, `target`, `status`) VALUES
('JBTN01', 'SKRT01', '2020', 1, 'Core'),
('JBTN01', 'SKRT02', '2020', 3, 'Secondary'),
('JBTN01', 'SKRT03', '2020', 4, 'Core'),
('JBTN01', 'SKRT04', '2020', 4, 'Core'),
('JBTN01', 'SKRT05', '2020', 2, 'Secondary'),
('JBTN01', 'SKRT06', '2020', 2, 'Secondary'),
('JBTN01', 'SKRT07', '2020', 3, 'Core'),
('JBTN01', 'SKRT08', '2020', 4, 'Secondary'),
('JBTN02', 'SKRT01', '2020', 3, 'Core'),
('JBTN02', 'SKRT02', '2020', 2, 'Core'),
('JBTN02', 'SKRT03', '2020', 3, 'Secondary'),
('JBTN02', 'SKRT04', '2020', 3, 'Secondary'),
('JBTN02', 'SKRT05', '2020', 3, 'Secondary'),
('JBTN02', 'SKRT06', '2020', 3, 'Core'),
('JBTN02', 'SKRT07', '2020', 3, 'Core'),
('JBTN02', 'SKRT08', '2020', 3, 'Core'),
('JBTN05', 'SKRT01', '2021', 3, 'Core'),
('JBTN05', 'SKRT02', '2021', 2, 'Core'),
('JBTN05', 'SKRT03', '2021', 2, 'Secondary'),
('JBTN05', 'SKRT04', '2021', 4, 'Core'),
('JBTN05', 'SKRT05', '2021', 4, 'Secondary'),
('JBTN05', 'SKRT06', '2021', 5, 'Core'),
('JBTN05', 'SKRT07', '2021', 1, 'Secondary'),
('JBTN05', 'SKRT08', '2021', 2, 'Core'),
('JBTN06', 'SKRT01', '2021', 2, 'Core'),
('JBTN06', 'SKRT02', '2021', 2, 'Secondary'),
('JBTN06', 'SKRT03', '2021', 4, 'Secondary'),
('JBTN06', 'SKRT05', '2021', 2, 'Core'),
('JBTN06', 'SKRT04', '2021', 1, 'Core'),
('JBTN06', 'SKRT06', '2021', 3, 'Secondary'),
('JBTN06', 'SKRT07', '2021', 2, 'Core'),
('JBTN06', 'SKRT08', '2021', 4, 'Secondary'),
('JBTN07', 'SKRT01', '2021', 2, 'Core'),
('JBTN07', 'SKRT02', '2021', 2, 'Secondary'),
('JBTN07', 'SKRT04', '2021', 1, 'Core'),
('JBTN07', 'SKRT05', '2021', 3, 'Core'),
('JBTN07', 'Pilih', '2021', 0, 'Pilih'),
('JBTN07', 'Pilih', '2021', 0, 'Pilih'),
('JBTN07', 'Pilih', '2021', 0, 'Pilih'),
('JBTN07', 'Pilih', '2021', 0, 'Pilih'),
('JBTN08', 'SKRT01', '2021', 3, 'Secondary'),
('JBTN08', 'SKRT05', '2021', 2, 'Core'),
('JBTN08', 'Pilih', '2021', 0, 'Pilih'),
('JBTN08', 'Pilih', '2021', 0, 'Pilih'),
('JBTN08', 'Pilih', '2021', 0, 'Pilih'),
('JBTN08', 'Pilih', '2021', 0, 'Pilih'),
('JBTN08', 'Pilih', '2021', 0, 'Pilih'),
('JBTN08', 'Pilih', '2021', 0, 'Pilih'),
('JBTN09', 'SKRT01', '2021', 2, 'Core'),
('JBTN09', 'SKRT02', '2021', 2, 'Secondary'),
('JBTN09', 'SKRT03', '2021', 1, 'Secondary'),
('JBTN09', 'SKRT04', '2021', 3, 'Core'),
('JBTN09', 'SKRT05', '2021', 4, 'Core'),
('JBTN09', 'SKRT06', '2021', 3, 'Secondary'),
('JBTN09', 'SKRT07', '2021', 2, 'Secondary'),
('JBTN09', 'SKRT08', '2021', 4, 'Core'),
('JBTN07', 'SKRT01', '2021', 2, 'Secondary'),
('JBTN07', 'SKRT02', '2021', 3, 'Core'),
('JBTN07', 'SKRT03', '2021', 3, 'Core'),
('JBTN07', 'SKRT04', '2021', 2, 'Secondary'),
('JBTN07', 'SKRT05', '2021', 0, 'Core'),
('JBTN01', 'SKRT01', '2021', 3, 'Secondary'),
('JBTN01', 'SKRT02', '2021', 3, 'Core'),
('JBTN01', 'SKRT03', '2021', 3, 'Core'),
('JBTN01', 'SKRT04', '2021', 5, 'Secondary'),
('JBTN01', 'SKRT05', '2021', 5, 'Core'),
('JBTN01', 'SKRT06', '2021', 5, 'Core'),
('JBTN01', 'SKRT07', '2021', 5, 'Core'),
('JBTN01', 'SKRT08', '2021', 5, 'Secondary'),
('JBTN01', 'SKRT09', '2021', 4, 'Core'),
('JBTN01', 'SKRT01', '2021', 3, 'Secondary'),
('JBTN01', 'SKRT02', '2021', 3, 'Core'),
('JBTN01', 'SKRT03', '2021', 3, 'Core'),
('JBTN01', 'SKRT04', '2021', 5, 'Secondary'),
('JBTN01', 'SKRT05', '2021', 5, 'Core'),
('JBTN01', 'SKRT06', '2021', 5, 'Core'),
('JBTN01', 'SKRT07', '2021', 5, 'Core'),
('JBTN01', 'SKRT08', '2021', 5, 'Secondary'),
('JBTN01', 'SKRT09', '2021', 4, 'Core'),
('JBTN02', 'SKRT01', '2021', 3, 'Secondary'),
('JBTN02', 'SKRT02', '2021', 3, 'Core'),
('JBTN02', 'SKRT03', '2021', 3, 'Core'),
('JBTN02', 'SKRT04', '2021', 5, 'Secondary'),
('JBTN02', 'SKRT05', '2021', 5, 'Core'),
('JBTN02', 'SKRT06', '2021', 5, 'Core'),
('JBTN02', 'SKRT07', '2021', 5, 'Core'),
('JBTN02', 'SKRT08', '2021', 5, 'Secondary'),
('JBTN02', 'SKRT09', '2021', 5, 'Core'),
('JBTN03', 'SKRT01', '2021', 3, 'Secondary'),
('JBTN03', 'SKRT02', '2021', 3, 'Core'),
('JBTN03', 'SKRT03', '2021', 3, 'Core'),
('JBTN03', 'SKRT04', '2021', 5, 'Secondary'),
('JBTN03', 'SKRT05', '2021', 5, 'Core'),
('JBTN03', 'SKRT06', '2021', 5, 'Core'),
('JBTN03', 'SKRT07', '2021', 5, 'Core'),
('JBTN03', 'SKRT08', '2021', 5, 'Secondary'),
('JBTN03', 'SKRT01', '2021', 3, 'Secondary'),
('JBTN03', 'SKRT02', '2021', 3, 'Core'),
('JBTN03', 'SKRT03', '2021', 3, 'Core'),
('JBTN03', 'SKRT04', '2021', 5, 'Secondary'),
('JBTN03', 'SKRT05', '2021', 5, 'Core'),
('JBTN03', 'SKRT06', '2021', 5, 'Core'),
('JBTN03', 'SKRT07', '2021', 5, 'Core'),
('JBTN03', 'SKRT08', '2021', 5, 'Secondary'),
('JBTN01', 'SKRT01', '2021', 3, 'Secondary'),
('JBTN01', 'SKRT02', '2021', 3, 'Core'),
('JBTN01', 'SKRT03', '2021', 3, 'Core'),
('JBTN01', 'SKRT04', '2021', 5, 'Secondary'),
('JBTN01', 'SKRT05', '2021', 5, 'Core'),
('JBTN01', 'SKRT06', '2021', 5, 'Core'),
('JBTN01', 'SKRT07', '2021', 5, 'Core'),
('JBTN01', 'SKRT08', '2021', 5, 'Secondary');

-- --------------------------------------------------------

--
-- Struktur dari tabel `temp`
--

CREATE TABLE IF NOT EXISTS `temp` (
  `id_kriteria` char(6) NOT NULL DEFAULT '',
  `kali_eigen` double(4,3) NOT NULL
) ENGINE=InnoDB DEFAULT CHARSET=latin1 ROW_FORMAT=COMPACT;

--
-- Dumping data untuk tabel `temp`
--

INSERT INTO `temp` (`id_kriteria`, `kali_eigen`) VALUES
('KRIT01', 0.000),
('KRIT02', 0.000),
('KRIT03', 0.000),
('KRIT04', 0.000),
('KRIT01', 0.373),
('KRIT02', 0.491),
('KRIT02', 0.562),
('KRIT01', 0.598),
('KRIT03', 1.119),
('KRIT04', 1.187),
('KRIT03', 1.271),
('KRIT01', 1.276),
('KRIT04', 1.381),
('KRIT02', 1.395),
('KRIT04', 1.413),
('KRIT03', 1.846),
('KRIT01', 1.898),
('KRIT03', 1.921),
('KRIT04', 2.101),
('KRIT02', 2.334);

-- --------------------------------------------------------

--
-- Struktur dari tabel `user`
--

CREATE TABLE IF NOT EXISTS `user` (
  `username` varchar(15) NOT NULL DEFAULT '',
  `password` varchar(15) DEFAULT NULL,
  `hak_akses` varchar(10) DEFAULT NULL
) ENGINE=InnoDB DEFAULT CHARSET=latin1;

--
-- Dumping data untuk tabel `user`
--

INSERT INTO `user` (`username`, `password`, `hak_akses`) VALUES
('admin', 'admin', 'admin');

--
-- Indexes for dumped tables
--

--
-- Indexes for table `banding_kriteria`
--
ALTER TABLE `banding_kriteria`
  ADD PRIMARY KEY (`id_kriteria`,`id_kriteria_2`,`periode`);

--
-- Indexes for table `calon_karyawan`
--
ALTER TABLE `calon_karyawan`
  ADD PRIMARY KEY (`id_calon_karyawan`);

--
-- Indexes for table `hasil`
--
ALTER TABLE `hasil`
  ADD PRIMARY KEY (`id_calon_karyawan`,`id_jabatan`);

--
-- Indexes for table `jabatan`
--
ALTER TABLE `jabatan`
  ADD PRIMARY KEY (`id_jabatan`);

--
-- Indexes for table `kriteria`
--
ALTER TABLE `kriteria`
  ADD PRIMARY KEY (`id_kriteria`);

--
-- Indexes for table `subkriteria`
--
ALTER TABLE `subkriteria`
  ADD PRIMARY KEY (`id_subkriteria`);

--
-- Indexes for table `temp`
--
ALTER TABLE `temp`
  ADD PRIMARY KEY (`kali_eigen`,`id_kriteria`);

--
-- Indexes for table `user`
--
ALTER TABLE `user`
  ADD PRIMARY KEY (`username`);

/*!40101 SET CHARACTER_SET_CLIENT=@OLD_CHARACTER_SET_CLIENT */;
/*!40101 SET CHARACTER_SET_RESULTS=@OLD_CHARACTER_SET_RESULTS */;
/*!40101 SET COLLATION_CONNECTION=@OLD_COLLATION_CONNECTION */;
